file,classification,reason
".agent/autolearning_checklist.md","KEEP","Agent/skill config and SKILL.md files (operational)"
".agent/autolearning_fix_complete.md","KEEP","Agent/skill config and SKILL.md files (operational)"
".agent/autolearning_fix_report.md","KEEP","Agent/skill config and SKILL.md files (operational)"
".agent/backend_optimized_implementation_summary.md","KEEP","Agent/skill config and SKILL.md files (operational)"
".agent/backend_optimized_prediction_guide.md","KEEP","Agent/skill config and SKILL.md files (operational)"
".agent/bingo_filter_guide.md","KEEP","Agent/skill config and SKILL.md files (operational)"
".agent/bingo_filter_implementation.md","KEEP","Agent/skill config and SKILL.md files (operational)"
".agent/combined_change_report.md","KEEP","Agent/skill config and SKILL.md files (operational)"
".agent/data_isolation_verification.md","KEEP","Agent/skill config and SKILL.md files (operational)"
".agent/data_sync_mechanism.md","KEEP","Agent/skill config and SKILL.md files (operational)"
".agent/fitness_standard_explanation.md","KEEP","Agent/skill config and SKILL.md files (operational)"
".agent/how_to_use_optimized_config.md","KEEP","Agent/skill config and SKILL.md files (operational)"
".agent/performance_optimization_analysis.md","KEEP","Agent/skill config and SKILL.md files (operational)"
".agent/prediction_enhancement_summary.md","KEEP","Agent/skill config and SKILL.md files (operational)"
".agent/skills/ui-ux-pro-max/SKILL.md","KEEP","Agent/skill config and SKILL.md files (operational)"
".agent/speed_optimization_complete.md","KEEP","Agent/skill config and SKILL.md files (operational)"
".agent/workflows/benchmark_prediction_speed.md","KEEP","Agent/skill config and SKILL.md files (operational)"
".claude/agents/prediction-analyzer.md","KEEP","Agent/skill config and SKILL.md files (operational)"
".claude/commands/backtest.md","KEEP","Agent/skill config and SKILL.md files (operational)"
".claude/commands/predict.md","KEEP","Agent/skill config and SKILL.md files (operational)"
".claude/gemini_collaboration_protocol.md","KEEP","Agent/skill config and SKILL.md files (operational)"
".claude/settings.md","KEEP","Agent/skill config and SKILL.md files (operational)"
".claude/skills/backtest-framework/SKILL.md","KEEP","Agent/skill config and SKILL.md files (operational)"
".claude/skills/data-leakage-prevention/SKILL.md","KEEP","Agent/skill config and SKILL.md files (operational)"
".claude/skills/frontend-style-refresh/SKILL.md","KEEP","Agent/skill config and SKILL.md files (operational)"
".claude/skills/prediction-methods/SKILL.md","KEEP","Agent/skill config and SKILL.md files (operational)"
".pytest_cache/README.md","ARCHIVE","Uncertain — archive to reduce agent risk"
".venv/lib/python3.9/site-packages/numpy/random/LICENSE.md","REMOVE","Third-party vendored files (not knowledge)"
".venv/lib/python3.9/site-packages/pip-25.3.dist-info/licenses/src/pip/_vendor/idna/LICENSE.md","REMOVE","Third-party vendored files (not knowledge)"
".venv/lib/python3.9/site-packages/pip/_vendor/idna/LICENSE.md","REMOVE","Third-party vendored files (not knowledge)"
".venv/lib/python3.9/site-packages/scipy/fft/_pocketfft/LICENSE.md","REMOVE","Third-party vendored files (not knowledge)"
"AGENT_RULES.md","KEEP","Root knowledge entry exception"
"ai_lab/automl_biglotto/SYSTEM_GUIDE.md","MERGE_TO_WIKI","Procedural/operational guide — extract rules/logic into wiki"
"analysis/results/power_special_v3_research_20260422.md","ARCHIVE","Non-wiki docs; preserve as archive unless explicit guide"
"archive/LATEST_PREDICTION_METHODS_2025.md","ARCHIVE","Already archived/historical"
"archive/PREDICTION_OPTIMIZATION_ANALYSIS.md","ARCHIVE","Already archived/historical"
"archive/predictions/PREDICTION_114000117.md","ARCHIVE","Already archived/historical"
"archive/predictions/PREDICTION_DAILY539_114000312.md","ARCHIVE","Already archived/historical"
"archive/reports/2025_BACKTEST_SUMMARY.md","ARCHIVE","Already archived/historical"
"archive/reports/ADVANCED_AUTO_LEARNING_GUIDE.md","ARCHIVE","Already archived/historical"
"archive/reports/ADVANCED_METHODS_REPORT.md","ARCHIVE","Already archived/historical"
"archive/reports/ADVANCED_MODELS_README.md","ARCHIVE","Already archived/historical"
"archive/reports/ADVANCED_OPTIMIZATION_USAGE.md","ARCHIVE","Already archived/historical"
"archive/reports/advanced_prediction_ideas.md","ARCHIVE","Already archived/historical"
"archive/reports/AUTO_LEARNING_V2_COMPLETE.md","ARCHIVE","Already archived/historical"
"archive/reports/AUTO_OPTIMIZE_FIX.md","ARCHIVE","Already archived/historical"
"archive/reports/AUTOLEARNING_FIX_REPORT.md","ARCHIVE","Already archived/historical"
"archive/reports/BACKEND_OPTIMIZED_QUICKSTART.md","ARCHIVE","Already archived/historical"
"archive/reports/BACKEND_OPTIMIZED_README.md","ARCHIVE","Already archived/historical"
"archive/reports/BACKEND_PREDICTION_LOGIC_VERIFICATION.md","ARCHIVE","Already archived/historical"
"archive/reports/BACKTEST_2025_REPORT.md","ARCHIVE","Already archived/historical"
"archive/reports/BACKTEST_ANALYSIS_REPORT.md","ARCHIVE","Already archived/historical"
"archive/reports/backtest_report_phase1_20251215_231909.md","ARCHIVE","Already archived/historical"
"archive/reports/backtest_report_quick_20251215_231154.md","ARCHIVE","Already archived/historical"
"archive/reports/BROWSER_TESTING_GUIDE.md","ARCHIVE","Already archived/historical"
"archive/reports/CACHE_REMOVAL_SUMMARY.md","ARCHIVE","Already archived/historical"
"archive/reports/COMPREHENSIVE_ANALYSIS_REPORT.md","ARCHIVE","Already archived/historical"
"archive/reports/DAILY539_2025_BACKTEST_REPORT.md","ARCHIVE","Already archived/historical"
"archive/reports/DAILY539_PREDICTION_REPORT.md","ARCHIVE","Already archived/historical"
"archive/reports/DATABASE_DISCREPANCY_REPORT.md","ARCHIVE","Already archived/historical"
"archive/reports/DATABASE_MYSTERY_SOLVED.md","ARCHIVE","Already archived/historical"
"archive/reports/DOUBLE_BET_IMPLEMENTATION.md","ARCHIVE","Already archived/historical"
"archive/reports/ERROR_FIX_REPORT.md","ARCHIVE","Already archived/historical"
"archive/reports/FILE_FILTER_COMPLETE_GUIDE.md","ARCHIVE","Already archived/historical"
"archive/reports/FILE_UPLOAD_FILTER_UPDATE.md","ARCHIVE","Already archived/historical"
"archive/reports/FINAL_OPTIMIZATION_SUMMARY.md","ARCHIVE","Already archived/historical"
"archive/reports/FINAL_SUMMARY.md","ARCHIVE","Already archived/historical"
"archive/reports/FRONTEND_BACKEND_SYNC_REPORT.md","ARCHIVE","Already archived/historical"
"archive/reports/GUIDE.md","ARCHIVE","Already archived/historical"
"archive/reports/HISTORY.md","ARCHIVE","Already archived/historical"
"archive/reports/HIT_RATE_EXPLANATION.md","ARCHIVE","Already archived/historical"
"archive/reports/HOT_COLD_ADVANCED_OPTIMIZATION_REPORT.md","ARCHIVE","Already archived/historical"
"archive/reports/IMPLEMENTATION_SUMMARY.md","ARCHIVE","Already archived/historical"
"archive/reports/IMPROVE_WIN_RATE_REPORT.md","ARCHIVE","Already archived/historical"
"archive/reports/INDEXEDDB_OPTIMIZATION.md","ARCHIVE","Already archived/historical"
"archive/reports/INTEGRATION_COMPLETE_REPORT.md","ARCHIVE","Already archived/historical"
"archive/reports/LATEST_PREDICTION_METHODS_2025.md","ARCHIVE","Already archived/historical"
"archive/reports/LOTTERY_TYPE_FIX.md","ARCHIVE","Already archived/historical"
"archive/reports/MEMORY_OPTIMIZATION.md","ARCHIVE","Already archived/historical"
"archive/reports/MONTE_CARLO_STRATEGY_REPORT.md","ARCHIVE","Already archived/historical"
"archive/reports/ODD_EVEN_STRATEGY_COMPARISON_REPORT.md","ARCHIVE","Already archived/historical"
"archive/reports/ODDEVEN_COMBINATION_REPORT.md","ARCHIVE","Already archived/historical"
"archive/reports/OPTIMIZATION_A_COMPLETE_REPORT.md","ARCHIVE","Already archived/historical"
"archive/reports/OPTIMIZATION_COMPLETE_REPORT.md","ARCHIVE","Already archived/historical"
"archive/reports/OPTIMIZATION_RECOMMENDATIONS.md","ARCHIVE","Already archived/historical"
"archive/reports/OPTIMIZATION_SUMMARY.md","ARCHIVE","Already archived/historical"
"archive/reports/OPTIMIZED_ENSEMBLE_VERIFICATION.md","ARCHIVE","Already archived/historical"
"archive/reports/PHASE1_OPTIMIZATION_COMPLETE.md","ARCHIVE","Already archived/historical"
"archive/reports/PHASE2_OPTIMIZATION_COMPLETE.md","ARCHIVE","Already archived/historical"
"archive/reports/PREDICTION_ANALYSIS_REPORT.md","ARCHIVE","Already archived/historical"
"archive/reports/PREDICTION_LOGIC_VERIFICATION.md","ARCHIVE","Already archived/historical"
"archive/reports/PREDICTION_METHODS_INVENTORY.md","ARCHIVE","Already archived/historical"
"archive/reports/PREDICTION_OPTIMIZATION_ANALYSIS.md","ARCHIVE","Already archived/historical"
"archive/reports/PROGRESS_FIX_COMPLETE.md","ARCHIVE","Already archived/historical"
"archive/reports/PYTHON_STRATEGY_MIGRATION.md","ARCHIVE","Already archived/historical"
"archive/reports/QUICK_REFERENCE.md","ARCHIVE","Already archived/historical"
"archive/reports/QUICK_START_ADVANCED_LEARNING.md","ARCHIVE","Already archived/historical"
"archive/reports/QUICK_START_DOUBLE_BET.md","ARCHIVE","Already archived/historical"
"archive/reports/QUICK_START_PYTHON_BACKEND.md","ARCHIVE","Already archived/historical"
"archive/reports/ROLLING_BACKTEST_2025_REPORT.md","ARCHIVE","Already archived/historical"
"archive/reports/SCHEDULE_OPTIMIZATION_GUIDE.md","ARCHIVE","Already archived/historical"
"archive/reports/SINGLE_DOUBLE_BET_RECOMMENDATIONS.md","ARCHIVE","Already archived/historical"
"archive/reports/SMART_LEARNING_GUIDE.md","ARCHIVE","Already archived/historical"
"archive/reports/SMART_SCHEDULER_GUIDE.md","ARCHIVE","Already archived/historical"
"archive/reports/SPECIAL_NUMBER_FIX_COMPLETE_REPORT.md","ARCHIVE","Already archived/historical"
"archive/reports/SPECIAL_NUMBER_FIX_COMPLETE.md","ARCHIVE","Already archived/historical"
"archive/reports/SPECIAL_NUMBER_FIX_PLAN.md","ARCHIVE","Already archived/historical"
"archive/reports/STRATEGY_EXPANSION_PLAN.md","ARCHIVE","Already archived/historical"
"archive/reports/SYNC_DATA_OPTIMIZATION_PLAN.md","ARCHIVE","Already archived/historical"
"archive/reports/SYSTEM_ARCHITECTURE_AUDIT.md","ARCHIVE","Already archived/historical"
"archive/reports/TEST_REPORT.md","ARCHIVE","Already archived/historical"
"before_after_comparison.md","ARCHIVE","Uncertain — archive to reduce agent risk"
"BIG_LOTTO_strategy_report.md","ARCHIVE","Strategy/report files (historical/experimental)"
"change_impact_log.md","ARCHIVE","Uncertain — archive to reduce agent risk"
"claude-code-showcase.worktrees/copilot-worktree-2026-03-11T07-56-45/.claude/agents/code-reviewer.md","ARCHIVE","Uncertain — archive to reduce agent risk"
"claude-code-showcase.worktrees/copilot-worktree-2026-03-11T07-56-45/.claude/agents/github-workflow.md","ARCHIVE","Uncertain — archive to reduce agent risk"
"claude-code-showcase.worktrees/copilot-worktree-2026-03-11T07-56-45/.claude/commands/code-quality.md","ARCHIVE","Uncertain — archive to reduce agent risk"
"claude-code-showcase.worktrees/copilot-worktree-2026-03-11T07-56-45/.claude/commands/docs-sync.md","ARCHIVE","Uncertain — archive to reduce agent risk"
"claude-code-showcase.worktrees/copilot-worktree-2026-03-11T07-56-45/.claude/commands/onboard.md","ARCHIVE","Uncertain — archive to reduce agent risk"
"claude-code-showcase.worktrees/copilot-worktree-2026-03-11T07-56-45/.claude/commands/pr-review.md","ARCHIVE","Uncertain — archive to reduce agent risk"
"claude-code-showcase.worktrees/copilot-worktree-2026-03-11T07-56-45/.claude/commands/pr-summary.md","ARCHIVE","Uncertain — archive to reduce agent risk"
"claude-code-showcase.worktrees/copilot-worktree-2026-03-11T07-56-45/.claude/commands/ticket.md","ARCHIVE","Uncertain — archive to reduce agent risk"
"claude-code-showcase.worktrees/copilot-worktree-2026-03-11T07-56-45/.claude/settings.md","ARCHIVE","Uncertain — archive to reduce agent risk"
"claude-code-showcase.worktrees/copilot-worktree-2026-03-11T07-56-45/.claude/skills/core-components/SKILL.md","ARCHIVE","Uncertain — archive to reduce agent risk"
"claude-code-showcase.worktrees/copilot-worktree-2026-03-11T07-56-45/.claude/skills/formik-patterns/SKILL.md","ARCHIVE","Uncertain — archive to reduce agent risk"
"claude-code-showcase.worktrees/copilot-worktree-2026-03-11T07-56-45/.claude/skills/graphql-schema/SKILL.md","ARCHIVE","Uncertain — archive to reduce agent risk"
"claude-code-showcase.worktrees/copilot-worktree-2026-03-11T07-56-45/.claude/skills/react-ui-patterns/SKILL.md","ARCHIVE","Uncertain — archive to reduce agent risk"
"claude-code-showcase.worktrees/copilot-worktree-2026-03-11T07-56-45/.claude/skills/README.md","ARCHIVE","Uncertain — archive to reduce agent risk"
"claude-code-showcase.worktrees/copilot-worktree-2026-03-11T07-56-45/.claude/skills/systematic-debugging/SKILL.md","ARCHIVE","Uncertain — archive to reduce agent risk"
"claude-code-showcase.worktrees/copilot-worktree-2026-03-11T07-56-45/.claude/skills/testing-patterns/SKILL.md","ARCHIVE","Uncertain — archive to reduce agent risk"
"claude-code-showcase.worktrees/copilot-worktree-2026-03-11T07-56-45/CLAUDE.md","ARCHIVE","Uncertain — archive to reduce agent risk"
"claude-code-showcase.worktrees/copilot-worktree-2026-03-11T07-56-45/README.md","ARCHIVE","Uncertain — archive to reduce agent risk"
"claude-code-showcase.worktrees/copilot-worktree-2026-03-11T10-02-55/.claude/agents/code-reviewer.md","ARCHIVE","Uncertain — archive to reduce agent risk"
"claude-code-showcase.worktrees/copilot-worktree-2026-03-11T10-02-55/.claude/agents/github-workflow.md","ARCHIVE","Uncertain — archive to reduce agent risk"
"claude-code-showcase.worktrees/copilot-worktree-2026-03-11T10-02-55/.claude/CLAUDE.md","ARCHIVE","Uncertain — archive to reduce agent risk"
"claude-code-showcase.worktrees/copilot-worktree-2026-03-11T10-02-55/.claude/commands/code-quality.md","ARCHIVE","Uncertain — archive to reduce agent risk"
"claude-code-showcase.worktrees/copilot-worktree-2026-03-11T10-02-55/.claude/commands/docs-sync.md","ARCHIVE","Uncertain — archive to reduce agent risk"
"claude-code-showcase.worktrees/copilot-worktree-2026-03-11T10-02-55/.claude/commands/onboard.md","ARCHIVE","Uncertain — archive to reduce agent risk"
"claude-code-showcase.worktrees/copilot-worktree-2026-03-11T10-02-55/.claude/commands/pr-review.md","ARCHIVE","Uncertain — archive to reduce agent risk"
"claude-code-showcase.worktrees/copilot-worktree-2026-03-11T10-02-55/.claude/commands/pr-summary.md","ARCHIVE","Uncertain — archive to reduce agent risk"
"claude-code-showcase.worktrees/copilot-worktree-2026-03-11T10-02-55/.claude/commands/ticket.md","ARCHIVE","Uncertain — archive to reduce agent risk"
"claude-code-showcase.worktrees/copilot-worktree-2026-03-11T10-02-55/.claude/settings.md","ARCHIVE","Uncertain — archive to reduce agent risk"
"claude-code-showcase.worktrees/copilot-worktree-2026-03-11T10-02-55/.claude/skills/core-components/SKILL.md","ARCHIVE","Uncertain — archive to reduce agent risk"
"claude-code-showcase.worktrees/copilot-worktree-2026-03-11T10-02-55/.claude/skills/formik-patterns/SKILL.md","ARCHIVE","Uncertain — archive to reduce agent risk"
"claude-code-showcase.worktrees/copilot-worktree-2026-03-11T10-02-55/.claude/skills/graphql-schema/SKILL.md","ARCHIVE","Uncertain — archive to reduce agent risk"
"claude-code-showcase.worktrees/copilot-worktree-2026-03-11T10-02-55/.claude/skills/react-ui-patterns/SKILL.md","ARCHIVE","Uncertain — archive to reduce agent risk"
"claude-code-showcase.worktrees/copilot-worktree-2026-03-11T10-02-55/.claude/skills/README.md","ARCHIVE","Uncertain — archive to reduce agent risk"
"claude-code-showcase.worktrees/copilot-worktree-2026-03-11T10-02-55/.claude/skills/systematic-debugging/SKILL.md","ARCHIVE","Uncertain — archive to reduce agent risk"
"claude-code-showcase.worktrees/copilot-worktree-2026-03-11T10-02-55/.claude/skills/testing-patterns/SKILL.md","ARCHIVE","Uncertain — archive to reduce agent risk"
"claude-code-showcase.worktrees/copilot-worktree-2026-03-11T10-02-55/analysis/README.md","ARCHIVE","Uncertain — archive to reduce agent risk"
"claude-code-showcase.worktrees/copilot-worktree-2026-03-11T10-02-55/backtesting/README.md","ARCHIVE","Uncertain — archive to reduce agent risk"
"claude-code-showcase.worktrees/copilot-worktree-2026-03-11T10-02-55/data/README.md","ARCHIVE","Uncertain — archive to reduce agent risk"
"claude-code-showcase.worktrees/copilot-worktree-2026-03-11T10-02-55/docs/ai_agents.md","ARCHIVE","Uncertain — archive to reduce agent risk"
"claude-code-showcase.worktrees/copilot-worktree-2026-03-11T10-02-55/docs/architecture.md","ARCHIVE","Uncertain — archive to reduce agent risk"
"claude-code-showcase.worktrees/copilot-worktree-2026-03-11T10-02-55/docs/architecture/dependency_map.md","ARCHIVE","Uncertain — archive to reduce agent risk"
"claude-code-showcase.worktrees/copilot-worktree-2026-03-11T10-02-55/docs/architecture/migration_log.md","ARCHIVE","Uncertain — archive to reduce agent risk"
"claude-code-showcase.worktrees/copilot-worktree-2026-03-11T10-02-55/docs/architecture/project_structure_analysis.md","ARCHIVE","Uncertain — archive to reduce agent risk"
"claude-code-showcase.worktrees/copilot-worktree-2026-03-11T10-02-55/docs/architecture/refactor_plan.md","ARCHIVE","Uncertain — archive to reduce agent risk"
"claude-code-showcase.worktrees/copilot-worktree-2026-03-11T10-02-55/docs/data_pipeline.md","ARCHIVE","Uncertain — archive to reduce agent risk"
"claude-code-showcase.worktrees/copilot-worktree-2026-03-11T10-02-55/docs/experiments/README.md","ARCHIVE","Uncertain — archive to reduce agent risk"
"claude-code-showcase.worktrees/copilot-worktree-2026-03-11T10-02-55/docs/feature_engineering.md","ARCHIVE","Uncertain — archive to reduce agent risk"
"claude-code-showcase.worktrees/copilot-worktree-2026-03-11T10-02-55/docs/modeling_framework.md","ARCHIVE","Uncertain — archive to reduce agent risk"
"claude-code-showcase.worktrees/copilot-worktree-2026-03-11T10-02-55/docs/optimization_workflow.md","ARCHIVE","Uncertain — archive to reduce agent risk"
"claude-code-showcase.worktrees/copilot-worktree-2026-03-11T10-02-55/docs/README.md","ARCHIVE","Uncertain — archive to reduce agent risk"
"claude-code-showcase.worktrees/copilot-worktree-2026-03-11T10-02-55/docs/research/workflow_guide.md","ARCHIVE","Uncertain — archive to reduce agent risk"
"claude-code-showcase.worktrees/copilot-worktree-2026-03-11T10-02-55/docs/strategy_testing.md","ARCHIVE","Uncertain — archive to reduce agent risk"
"claude-code-showcase.worktrees/copilot-worktree-2026-03-11T10-02-55/features/README.md","ARCHIVE","Uncertain — archive to reduce agent risk"
"claude-code-showcase.worktrees/copilot-worktree-2026-03-11T10-02-55/models/README.md","ARCHIVE","Uncertain — archive to reduce agent risk"
"claude-code-showcase.worktrees/copilot-worktree-2026-03-11T10-02-55/README.md","ARCHIVE","Uncertain — archive to reduce agent risk"
"claude-code-showcase.worktrees/copilot-worktree-2026-03-11T10-02-55/scripts/README.md","ARCHIVE","Uncertain — archive to reduce agent risk"
"claude-code-showcase.worktrees/copilot-worktree-2026-03-11T10-02-55/strategies/README.md","ARCHIVE","Uncertain — archive to reduce agent risk"
"claude-code-showcase.worktrees/copilot-worktree-2026-03-11T10-02-55/tests/README.md","ARCHIVE","Uncertain — archive to reduce agent risk"
"claude-code-showcase/.claude/agents/code-reviewer.md","ARCHIVE","Uncertain — archive to reduce agent risk"
"claude-code-showcase/.claude/agents/github-workflow.md","ARCHIVE","Uncertain — archive to reduce agent risk"
"claude-code-showcase/.claude/commands/code-quality.md","ARCHIVE","Uncertain — archive to reduce agent risk"
"claude-code-showcase/.claude/commands/docs-sync.md","ARCHIVE","Uncertain — archive to reduce agent risk"
"claude-code-showcase/.claude/commands/onboard.md","ARCHIVE","Uncertain — archive to reduce agent risk"
"claude-code-showcase/.claude/commands/pr-review.md","ARCHIVE","Uncertain — archive to reduce agent risk"
"claude-code-showcase/.claude/commands/pr-summary.md","ARCHIVE","Uncertain — archive to reduce agent risk"
"claude-code-showcase/.claude/commands/ticket.md","ARCHIVE","Uncertain — archive to reduce agent risk"
"claude-code-showcase/.claude/settings.md","ARCHIVE","Uncertain — archive to reduce agent risk"
"claude-code-showcase/.claude/skills/core-components/SKILL.md","ARCHIVE","Uncertain — archive to reduce agent risk"
"claude-code-showcase/.claude/skills/formik-patterns/SKILL.md","ARCHIVE","Uncertain — archive to reduce agent risk"
"claude-code-showcase/.claude/skills/graphql-schema/SKILL.md","ARCHIVE","Uncertain — archive to reduce agent risk"
"claude-code-showcase/.claude/skills/react-ui-patterns/SKILL.md","ARCHIVE","Uncertain — archive to reduce agent risk"
"claude-code-showcase/.claude/skills/README.md","ARCHIVE","Uncertain — archive to reduce agent risk"
"claude-code-showcase/.claude/skills/systematic-debugging/SKILL.md","ARCHIVE","Uncertain — archive to reduce agent risk"
"claude-code-showcase/.claude/skills/testing-patterns/SKILL.md","ARCHIVE","Uncertain — archive to reduce agent risk"
"claude-code-showcase/CLAUDE.md","ARCHIVE","Uncertain — archive to reduce agent risk"
"claude-code-showcase/docs/ai_agents.md","ARCHIVE","Uncertain — archive to reduce agent risk"
"claude-code-showcase/docs/architecture.md","ARCHIVE","Uncertain — archive to reduce agent risk"
"claude-code-showcase/docs/architecture/dependency_map.md","ARCHIVE","Uncertain — archive to reduce agent risk"
"claude-code-showcase/docs/data_pipeline.md","ARCHIVE","Uncertain — archive to reduce agent risk"
"claude-code-showcase/docs/feature_engineering.md","ARCHIVE","Uncertain — archive to reduce agent risk"
"claude-code-showcase/docs/modeling_framework.md","ARCHIVE","Uncertain — archive to reduce agent risk"
"claude-code-showcase/docs/optimization_workflow.md","ARCHIVE","Uncertain — archive to reduce agent risk"
"claude-code-showcase/docs/research/workflow_guide.md","ARCHIVE","Uncertain — archive to reduce agent risk"
"claude-code-showcase/docs/strategy_testing.md","ARCHIVE","Uncertain — archive to reduce agent risk"
"claude-code-showcase/migration_log.md","ARCHIVE","Uncertain — archive to reduce agent risk"
"claude-code-showcase/project_structure_analysis.md","ARCHIVE","Uncertain — archive to reduce agent risk"
"claude-code-showcase/README.md","ARCHIVE","Uncertain — archive to reduce agent risk"
"claude-code-showcase/refactor_plan.md","ARCHIVE","Uncertain — archive to reduce agent risk"
"CLAUDE.md","KEEP","Root knowledge entry exception"
"COMPLETE_ANALYSIS_REPORT.md","ARCHIVE","Uncertain — archive to reduce agent risk"
"component_architecture.md","ARCHIVE","Uncertain — archive to reduce agent risk"
"continuous_optimization_architecture.md","ARCHIVE","Uncertain — archive to reduce agent risk"
"COVERAGE_RESEARCH_REPORT.md","ARCHIVE","Uncertain — archive to reduce agent risk"
"COVERING_ANALYSIS_REPORT.md","ARCHIVE","Uncertain — archive to reduce agent risk"
"data/INDEX.md","ARCHIVE","Uncertain — archive to reduce agent risk"
"design-system/lottery-ai-quant-research-platform/MASTER.md","ARCHIVE","Uncertain — archive to reduce agent risk"
"docs/action_feedback_layer.md","ARCHIVE","Non-wiki docs; preserve as archive unless explicit guide"
"docs/actionable_intelligence_layer.md","ARCHIVE","Non-wiki docs; preserve as archive unless explicit guide"
"docs/ANALYSIS_PACKAGE_INDEX_2026.md","ARCHIVE","Non-wiki docs; preserve as archive unless explicit guide"
"docs/archive/decision_layer_v2_report.md","ARCHIVE","Already archived/historical"
"docs/archive/DESIGN_REVIEW_115000002.md","ARCHIVE","Already archived/historical"
"docs/archive/DESIGN_REVIEW_115000006.md","ARCHIVE","Already archived/historical"
"docs/archive/draw_analysis_115000012.md","ARCHIVE","Already archived/historical"
"docs/archive/draw_analysis_115000023.md","ARCHIVE","Already archived/historical"
"docs/archive/failure_analysis_115000010.md","ARCHIVE","Already archived/historical"
"docs/archive/failure_analysis_115000011.md","ARCHIVE","Already archived/historical"
"docs/archive/failure_analysis_115000012.md","ARCHIVE","Already archived/historical"
"docs/archive/INDEX.md","ARCHIVE","Already archived/historical"
"docs/archive/PREDICTION_REPORT_115000002.md","ARCHIVE","Already archived/historical"
"docs/archive/RESEARCH_breakthrough_39lotto_v2.md","ARCHIVE","Already archived/historical"
"docs/archive/RESEARCH_PREDICTABILITY_10STEP_REPORT.md","ARCHIVE","Already archived/historical"
"docs/archive/RESEARCH_PROGRESS_39LOTTO_V2.md","ARCHIVE","Already archived/historical"
"docs/archive/RESEARCH_PROGRESS_39LOTTO_V3_TRI_AXIS.md","ARCHIVE","Already archived/historical"
"docs/archive/RESEARCH_PROGRESS_49LOTTO_AUTOML.md","ARCHIVE","Already archived/historical"
"docs/archive/RESEARCH_PROGRESS_49LOTTO_DYNAMIC_WEIGHTS.md","ARCHIVE","Already archived/historical"
"docs/archive/TOP3_METHODS_2025_ANALYSIS.md","ARCHIVE","Already archived/historical"
"docs/backend_cleanup_log.md","ARCHIVE","Non-wiki docs; preserve as archive unless explicit guide"
"docs/BACKTEST_PROTOCOL.md","MERGE_TO_WIKI","Procedural/operational guide — extract rules/logic into wiki"
"docs/BACKTEST_REPORTS_INDEX.md","ARCHIVE","Non-wiki docs; preserve as archive unless explicit guide"
"docs/BACKTEST_SUPPLEMENT_SUMMARY.md","ARCHIVE","Non-wiki docs; preserve as archive unless explicit guide"
"docs/best_strategy_ranking_reconciliation.md","ARCHIVE","Non-wiki docs; preserve as archive unless explicit guide"
"docs/best_strategy_summary_alignment.md","ARCHIVE","Non-wiki docs; preserve as archive unless explicit guide"
"docs/BIG_LOTTO_MULTI_BET_BACKTEST_REPORT.md","ARCHIVE","Non-wiki docs; preserve as archive unless explicit guide"
"docs/cp_strategy_selection_validation.md","ARCHIVE","Non-wiki docs; preserve as archive unless explicit guide"
"docs/DAILY539_MULTI_BET_BACKTEST_REPORT.md","ARCHIVE","Non-wiki docs; preserve as archive unless explicit guide"
"docs/data_correctness_status.md","ARCHIVE","Non-wiki docs; preserve as archive unless explicit guide"
"docs/data_ingestion_audit.md","ARCHIVE","Non-wiki docs; preserve as archive unless explicit guide"
"docs/data_ingestion_release_summary.md","ARCHIVE","Non-wiki docs; preserve as archive unless explicit guide"
"docs/data_ingestion_validation.md","ARCHIVE","Non-wiki docs; preserve as archive unless explicit guide"
"docs/decision_layer_v3_report.md","ARCHIVE","Non-wiki docs; preserve as archive unless explicit guide"
"docs/decision_payout_report.md","ARCHIVE","Non-wiki docs; preserve as archive unless explicit guide"
"docs/decision_payout_validation_report.md","ARCHIVE","Non-wiki docs; preserve as archive unless explicit guide"
"docs/EXECUTIVE_SUMMARY_2026.md","ARCHIVE","Non-wiki docs; preserve as archive unless explicit guide"
"docs/extra_cleanup_checklist.md","ARCHIVE","Non-wiki docs; preserve as archive unless explicit guide"
"docs/failure_pattern_analysis.md","ARCHIVE","Non-wiki docs; preserve as archive unless explicit guide"
"docs/final_best_strategy_summary_alignment_fix.md","ARCHIVE","Non-wiki docs; preserve as archive unless explicit guide"
"docs/final_best_strategy_summary_validation.md","ARCHIVE","Non-wiki docs; preserve as archive unless explicit guide"
"docs/final_cleanup_validation.md","ARCHIVE","Non-wiki docs; preserve as archive unless explicit guide"
"docs/final_prediction_tracker_alignment_validation.md","ARCHIVE","Non-wiki docs; preserve as archive unless explicit guide"
"docs/final_product_alignment_validation.md","ARCHIVE","Non-wiki docs; preserve as archive unless explicit guide"
"docs/final_research_review_validation.md","ARCHIVE","Non-wiki docs; preserve as archive unless explicit guide"
"docs/frontend_cleanup_log.md","ARCHIVE","Non-wiki docs; preserve as archive unless explicit guide"
"docs/frontend_truth_audit.md","ARCHIVE","Non-wiki docs; preserve as archive unless explicit guide"
"docs/full_strategy_revalidation_report.md","ARCHIVE","Non-wiki docs; preserve as archive unless explicit guide"
"docs/full_strategy_validation_report.md","ARCHIVE","Non-wiki docs; preserve as archive unless explicit guide"
"docs/full_ui_functionality_audit.md","ARCHIVE","Non-wiki docs; preserve as archive unless explicit guide"
"docs/full_ui_optimization_report.md","ARCHIVE","Non-wiki docs; preserve as archive unless explicit guide"
"docs/GAME_RULES_ANALYSIS.md","ARCHIVE","Non-wiki docs; preserve as archive unless explicit guide"
"docs/ID_UNIFICATION_REPORT.md","MERGE_TO_WIKI","Procedural/operational guide — extract rules/logic into wiki"
"docs/IMPLEMENTATION_GUIDE_2026.md","MERGE_TO_WIKI","Procedural/operational guide — extract rules/logic into wiki"
"docs/IMPLEMENTATION_STATUS.md","MERGE_TO_WIKI","Procedural/operational guide — extract rules/logic into wiki"
"docs/ingestion_extreme_test_plan.md","ARCHIVE","Non-wiki docs; preserve as archive unless explicit guide"
"docs/l3_methodology_review_2026_03_15.md","ARCHIVE","Non-wiki docs; preserve as archive unless explicit guide"
"docs/learning_explainability_layer.md","ARCHIVE","Non-wiki docs; preserve as archive unless explicit guide"
"docs/llm_hypothesis_engine_design.md","ARCHIVE","Non-wiki docs; preserve as archive unless explicit guide"
"docs/llm_pipeline_analysis.md","ARCHIVE","Non-wiki docs; preserve as archive unless explicit guide"
"docs/llm_research_loop_architecture.md","ARCHIVE","Non-wiki docs; preserve as archive unless explicit guide"
"docs/MASTER_GUIDE.md","MERGE_TO_WIKI","Procedural/operational guide — extract rules/logic into wiki"
"docs/next_draw_backend_wiring.md","ARCHIVE","Non-wiki docs; preserve as archive unless explicit guide"
"docs/next_draw_page_api_contract.md","ARCHIVE","Non-wiki docs; preserve as archive unless explicit guide"
"docs/next_draw_page_audit.md","ARCHIVE","Non-wiki docs; preserve as archive unless explicit guide"
"docs/next_draw_page_release_summary.md","ARCHIVE","Non-wiki docs; preserve as archive unless explicit guide"
"docs/next_draw_page_validation.md","ARCHIVE","Non-wiki docs; preserve as archive unless explicit guide"
"docs/next_draw_strategy_binding_report.md","ARCHIVE","Non-wiki docs; preserve as archive unless explicit guide"
"docs/optimization_log_stability_audit.md","ARCHIVE","Non-wiki docs; preserve as archive unless explicit guide"
"docs/player_behavior_repo_audit.md","ARCHIVE","Non-wiki docs; preserve as archive unless explicit guide"
"docs/player_behavior/architecture.md","ARCHIVE","Non-wiki docs; preserve as archive unless explicit guide"
"docs/player_behavior/methodology.md","ARCHIVE","Non-wiki docs; preserve as archive unless explicit guide"
"docs/player_behavior/validation_report.md","ARCHIVE","Non-wiki docs; preserve as archive unless explicit guide"
"docs/portfolio_optimization_report.md","ARCHIVE","Non-wiki docs; preserve as archive unless explicit guide"
"docs/POWER_LOTTO_20PERCENT_OPTIMIZATION_STRATEGY.md","ARCHIVE","Non-wiki docs; preserve as archive unless explicit guide"
"docs/POWER_LOTTO_20PERCENT_QUICK_START.md","ARCHIVE","Non-wiki docs; preserve as archive unless explicit guide"
"docs/POWER_LOTTO_IMPLEMENTATION_CODE_GUIDE.md","MERGE_TO_WIKI","Procedural/operational guide — extract rules/logic into wiki"
"docs/POWER_LOTTO_MULTI_BET_BACKTEST_REPORT.md","ARCHIVE","Non-wiki docs; preserve as archive unless explicit guide"
"docs/PREDICTION_115_REPORT_2026_01_02.md","ARCHIVE","Non-wiki docs; preserve as archive unless explicit guide"
"docs/prediction_tracker_alignment_gap_report.md","ARCHIVE","Non-wiki docs; preserve as archive unless explicit guide"
"docs/prediction_tracker_data_flow_report.md","ARCHIVE","Non-wiki docs; preserve as archive unless explicit guide"
"docs/prediction_tracker_review_badge_fix.md","ARCHIVE","Non-wiki docs; preserve as archive unless explicit guide"
"docs/PRIORITY_FIXES.md","ARCHIVE","Non-wiki docs; preserve as archive unless explicit guide"
"docs/product_alignment_gap_report.md","ARCHIVE","Non-wiki docs; preserve as archive unless explicit guide"
"docs/prompt_biglotto_cross_validation.md","ARCHIVE","Non-wiki docs; preserve as archive unless explicit guide"
"docs/QUICK_REFERENCE_MATRIX_2026.md","ARCHIVE","Non-wiki docs; preserve as archive unless explicit guide"
"docs/release_audit_backend.md","ARCHIVE","Non-wiki docs; preserve as archive unless explicit guide"
"docs/release_audit_frontend.md","ARCHIVE","Non-wiki docs; preserve as archive unless explicit guide"
"docs/release_dependency_map.md","ARCHIVE","Non-wiki docs; preserve as archive unless explicit guide"
"docs/release_prep_summary.md","ARCHIVE","Non-wiki docs; preserve as archive unless explicit guide"
"docs/RESEARCH_539_EVOLUTION_AUDIT_2026_03_15.md","ARCHIVE","Non-wiki docs; preserve as archive unless explicit guide"
"docs/RESEARCH_PREDICTABILITY_10STEP_REPORT_V2.md","ARCHIVE","Non-wiki docs; preserve as archive unless explicit guide"
"docs/research_review_closed_loop_audit.md","ARCHIVE","Non-wiki docs; preserve as archive unless explicit guide"
"docs/research_review_risk_report.md","ARCHIVE","Non-wiki docs; preserve as archive unless explicit guide"
"docs/research_review_system.md","ARCHIVE","Non-wiki docs; preserve as archive unless explicit guide"
"docs/review_pending_list_fix.md","ARCHIVE","Non-wiki docs; preserve as archive unless explicit guide"
"docs/review_view_linkage_fix_report.md","ARCHIVE","Non-wiki docs; preserve as archive unless explicit guide"
"docs/review_view_linkage_trace.md","ARCHIVE","Non-wiki docs; preserve as archive unless explicit guide"
"docs/sb3_env_design.md","ARCHIVE","Non-wiki docs; preserve as archive unless explicit guide"
"docs/sb3_final_recommendation.md","ARCHIVE","Non-wiki docs; preserve as archive unless explicit guide"
"docs/sb3_repo_audit.md","ARCHIVE","Non-wiki docs; preserve as archive unless explicit guide"
"docs/sb3_validation_report.md","ARCHIVE","Non-wiki docs; preserve as archive unless explicit guide"
"docs/snapshot_schedule_integrity_report.md","ARCHIVE","Non-wiki docs; preserve as archive unless explicit guide"
"docs/STRATEGY_AND_OPTIMIZATION.md","ARCHIVE","Non-wiki docs; preserve as archive unless explicit guide"
"docs/STRATEGY_SPACE_EXPLORATION_REPORT.md","ARCHIVE","Non-wiki docs; preserve as archive unless explicit guide"
"docs/SYSTEM_OPTIMIZATION_ANALYSIS_2026.md","ARCHIVE","Non-wiki docs; preserve as archive unless explicit guide"
"docs/UNIFIED_LOTTERY_RESEARCH_REPORT_2026_02_26.md","ARCHIVE","Non-wiki docs; preserve as archive unless explicit guide"
"docs/unused_code_classification.md","ARCHIVE","Non-wiki docs; preserve as archive unless explicit guide"
"docs/v3_final_comparison.md","ARCHIVE","Non-wiki docs; preserve as archive unless explicit guide"
"FCF_TS3_POWERLOTTO_REPORT.md","ARCHIVE","Uncertain — archive to reduce agent risk"
"final_frontend_report.md","ARCHIVE","Strategy/report files (historical/experimental)"
"frontend_audit.md","ARCHIVE","Uncertain — archive to reduce agent risk"
"frontend_redesign_plan.md","ARCHIVE","Uncertain — archive to reduce agent risk"
"lottery_api/CLAUDE.md","ARCHIVE","Uncertain — archive to reduce agent risk"
"lottery_api/docs/DAILY539_BACKTEST_REPORT.md","ARCHIVE","Uncertain — archive to reduce agent risk"
"lottery_api/docs/STRATEGIES.md","ARCHIVE","Uncertain — archive to reduce agent risk"
"lottery_api/README.md","ARCHIVE","Uncertain — archive to reduce agent risk"
"lottery_api/REPORT_539_ODDEVEN.md","ARCHIVE","Uncertain — archive to reduce agent risk"
"lottery_reference/agent_report.md","ARCHIVE","Strategy/report files (historical/experimental)"
"lottery_reference/AGENTS.md","ARCHIVE","Uncertain — archive to reduce agent risk"
"lottery_reference/ASSUMPTIONS.md","ARCHIVE","Uncertain — archive to reduce agent risk"
"lottery_reference/CHANGELOG.md","ARCHIVE","Uncertain — archive to reduce agent risk"
"lottery_reference/CODE_OF_CONDUCT.md","ARCHIVE","Uncertain — archive to reduce agent risk"
"lottery_reference/docs/api.md","ARCHIVE","Uncertain — archive to reduce agent risk"
"lottery_reference/docs/architecture.md","ARCHIVE","Uncertain — archive to reduce agent risk"
"lottery_reference/docs/decision_record.md","ARCHIVE","Uncertain — archive to reduce agent risk"
"lottery_reference/docs/environment.md","ARCHIVE","Uncertain — archive to reduce agent risk"
"lottery_reference/docs/ops.md","ARCHIVE","Uncertain — archive to reduce agent risk"
"lottery_reference/docs/verify.md","ARCHIVE","Uncertain — archive to reduce agent risk"
"lottery_reference/README_KL8.md","ARCHIVE","Uncertain — archive to reduce agent risk"
"lottery_reference/README.md","ARCHIVE","Uncertain — archive to reduce agent risk"
"medium_scale_research_conclusion.md","ARCHIVE","Uncertain — archive to reduce agent risk"
"MEMORY.md","ARCHIVE","Uncertain — archive to reduce agent risk"
"memory/lessons.md","KEEP","Official wiki or memory (source-of-truth)"
"memory/MEMORY.md","KEEP","Official wiki or memory (source-of-truth)"
"memory/psi_trigger_hypotheses.md","KEEP","Official wiki or memory (source-of-truth)"
"memory/research_plan_template.md","KEEP","Official wiki or memory (source-of-truth)"
"memory/todo.md","KEEP","Official wiki or memory (source-of-truth)"
"meta_strategy_report.md","ARCHIVE","Strategy/report files (historical/experimental)"
"microfish_capability_analysis.md","ARCHIVE","Uncertain — archive to reduce agent risk"
"microfish_research_conclusion.md","ARCHIVE","Uncertain — archive to reduce agent risk"
"node_modules/@babel/code-frame/README.md","REMOVE","Third-party vendored files (not knowledge)"
"node_modules/@babel/compat-data/README.md","REMOVE","Third-party vendored files (not knowledge)"
"node_modules/@babel/core/README.md","REMOVE","Third-party vendored files (not knowledge)"
"node_modules/@babel/generator/README.md","REMOVE","Third-party vendored files (not knowledge)"
"node_modules/@babel/helper-annotate-as-pure/README.md","REMOVE","Third-party vendored files (not knowledge)"
"node_modules/@babel/helper-compilation-targets/README.md","REMOVE","Third-party vendored files (not knowledge)"
"node_modules/@babel/helper-create-class-features-plugin/README.md","REMOVE","Third-party vendored files (not knowledge)"
"node_modules/@babel/helper-create-regexp-features-plugin/README.md","REMOVE","Third-party vendored files (not knowledge)"
"node_modules/@babel/helper-define-polyfill-provider/README.md","REMOVE","Third-party vendored files (not knowledge)"
"node_modules/@babel/helper-globals/README.md","REMOVE","Third-party vendored files (not knowledge)"
"node_modules/@babel/helper-member-expression-to-functions/README.md","REMOVE","Third-party vendored files (not knowledge)"
"node_modules/@babel/helper-module-imports/README.md","REMOVE","Third-party vendored files (not knowledge)"
"node_modules/@babel/helper-module-transforms/README.md","REMOVE","Third-party vendored files (not knowledge)"
"node_modules/@babel/helper-optimise-call-expression/README.md","REMOVE","Third-party vendored files (not knowledge)"
"node_modules/@babel/helper-plugin-utils/README.md","REMOVE","Third-party vendored files (not knowledge)"
"node_modules/@babel/helper-remap-async-to-generator/README.md","REMOVE","Third-party vendored files (not knowledge)"
"node_modules/@babel/helper-replace-supers/README.md","REMOVE","Third-party vendored files (not knowledge)"
"node_modules/@babel/helper-skip-transparent-expression-wrappers/README.md","REMOVE","Third-party vendored files (not knowledge)"
"node_modules/@babel/helper-string-parser/README.md","REMOVE","Third-party vendored files (not knowledge)"
"node_modules/@babel/helper-validator-identifier/README.md","REMOVE","Third-party vendored files (not knowledge)"
"node_modules/@babel/helper-validator-option/README.md","REMOVE","Third-party vendored files (not knowledge)"
"node_modules/@babel/helper-wrap-function/README.md","REMOVE","Third-party vendored files (not knowledge)"
"node_modules/@babel/helpers/README.md","REMOVE","Third-party vendored files (not knowledge)"
"node_modules/@babel/parser/CHANGELOG.md","REMOVE","Third-party vendored files (not knowledge)"
"node_modules/@babel/parser/README.md","REMOVE","Third-party vendored files (not knowledge)"
"node_modules/@babel/plugin-bugfix-firefox-class-in-computed-class-key/README.md","REMOVE","Third-party vendored files (not knowledge)"
"node_modules/@babel/plugin-bugfix-safari-class-field-initializer-scope/README.md","REMOVE","Third-party vendored files (not knowledge)"
"node_modules/@babel/plugin-bugfix-safari-id-destructuring-collision-in-function-expression/README.md","REMOVE","Third-party vendored files (not knowledge)"
"node_modules/@babel/plugin-bugfix-v8-spread-parameters-in-optional-chaining/README.md","REMOVE","Third-party vendored files (not knowledge)"
"node_modules/@babel/plugin-bugfix-v8-static-class-fields-redefine-readonly/README.md","REMOVE","Third-party vendored files (not knowledge)"
"node_modules/@babel/plugin-proposal-private-property-in-object/README.md","REMOVE","Third-party vendored files (not knowledge)"
"node_modules/@babel/plugin-syntax-async-generators/README.md","REMOVE","Third-party vendored files (not knowledge)"
"node_modules/@babel/plugin-syntax-bigint/README.md","REMOVE","Third-party vendored files (not knowledge)"
"node_modules/@babel/plugin-syntax-class-properties/README.md","REMOVE","Third-party vendored files (not knowledge)"
"node_modules/@babel/plugin-syntax-class-static-block/README.md","REMOVE","Third-party vendored files (not knowledge)"
"node_modules/@babel/plugin-syntax-import-assertions/README.md","REMOVE","Third-party vendored files (not knowledge)"
"node_modules/@babel/plugin-syntax-import-attributes/README.md","REMOVE","Third-party vendored files (not knowledge)"
"node_modules/@babel/plugin-syntax-import-meta/README.md","REMOVE","Third-party vendored files (not knowledge)"
"node_modules/@babel/plugin-syntax-json-strings/README.md","REMOVE","Third-party vendored files (not knowledge)"
"node_modules/@babel/plugin-syntax-jsx/README.md","REMOVE","Third-party vendored files (not knowledge)"
"node_modules/@babel/plugin-syntax-logical-assignment-operators/README.md","REMOVE","Third-party vendored files (not knowledge)"
"node_modules/@babel/plugin-syntax-nullish-coalescing-operator/README.md","REMOVE","Third-party vendored files (not knowledge)"
"node_modules/@babel/plugin-syntax-numeric-separator/README.md","REMOVE","Third-party vendored files (not knowledge)"
"node_modules/@babel/plugin-syntax-object-rest-spread/README.md","REMOVE","Third-party vendored files (not knowledge)"
"node_modules/@babel/plugin-syntax-optional-catch-binding/README.md","REMOVE","Third-party vendored files (not knowledge)"
"node_modules/@babel/plugin-syntax-optional-chaining/README.md","REMOVE","Third-party vendored files (not knowledge)"
"node_modules/@babel/plugin-syntax-private-property-in-object/README.md","REMOVE","Third-party vendored files (not knowledge)"
"node_modules/@babel/plugin-syntax-top-level-await/README.md","REMOVE","Third-party vendored files (not knowledge)"
"node_modules/@babel/plugin-syntax-typescript/README.md","REMOVE","Third-party vendored files (not knowledge)"
"node_modules/@babel/plugin-syntax-unicode-sets-regex/README.md","REMOVE","Third-party vendored files (not knowledge)"
"node_modules/@babel/plugin-transform-arrow-functions/README.md","REMOVE","Third-party vendored files (not knowledge)"
"node_modules/@babel/plugin-transform-async-generator-functions/README.md","REMOVE","Third-party vendored files (not knowledge)"
"node_modules/@babel/plugin-transform-async-to-generator/README.md","REMOVE","Third-party vendored files (not knowledge)"
"node_modules/@babel/plugin-transform-block-scoped-functions/README.md","REMOVE","Third-party vendored files (not knowledge)"
"node_modules/@babel/plugin-transform-block-scoping/README.md","REMOVE","Third-party vendored files (not knowledge)"
"node_modules/@babel/plugin-transform-class-properties/README.md","REMOVE","Third-party vendored files (not knowledge)"
"node_modules/@babel/plugin-transform-class-static-block/README.md","REMOVE","Third-party vendored files (not knowledge)"
"node_modules/@babel/plugin-transform-classes/README.md","REMOVE","Third-party vendored files (not knowledge)"
"node_modules/@babel/plugin-transform-computed-properties/README.md","REMOVE","Third-party vendored files (not knowledge)"
"node_modules/@babel/plugin-transform-destructuring/README.md","REMOVE","Third-party vendored files (not knowledge)"
"node_modules/@babel/plugin-transform-dotall-regex/README.md","REMOVE","Third-party vendored files (not knowledge)"
"node_modules/@babel/plugin-transform-duplicate-keys/README.md","REMOVE","Third-party vendored files (not knowledge)"
"node_modules/@babel/plugin-transform-duplicate-named-capturing-groups-regex/README.md","REMOVE","Third-party vendored files (not knowledge)"
"node_modules/@babel/plugin-transform-dynamic-import/README.md","REMOVE","Third-party vendored files (not knowledge)"
"node_modules/@babel/plugin-transform-explicit-resource-management/README.md","REMOVE","Third-party vendored files (not knowledge)"
"node_modules/@babel/plugin-transform-exponentiation-operator/README.md","REMOVE","Third-party vendored files (not knowledge)"
"node_modules/@babel/plugin-transform-export-namespace-from/README.md","REMOVE","Third-party vendored files (not knowledge)"
"node_modules/@babel/plugin-transform-for-of/README.md","REMOVE","Third-party vendored files (not knowledge)"
"node_modules/@babel/plugin-transform-function-name/README.md","REMOVE","Third-party vendored files (not knowledge)"
"node_modules/@babel/plugin-transform-json-strings/README.md","REMOVE","Third-party vendored files (not knowledge)"
"node_modules/@babel/plugin-transform-literals/README.md","REMOVE","Third-party vendored files (not knowledge)"
"node_modules/@babel/plugin-transform-logical-assignment-operators/README.md","REMOVE","Third-party vendored files (not knowledge)"
"node_modules/@babel/plugin-transform-member-expression-literals/README.md","REMOVE","Third-party vendored files (not knowledge)"
"node_modules/@babel/plugin-transform-modules-amd/README.md","REMOVE","Third-party vendored files (not knowledge)"
"node_modules/@babel/plugin-transform-modules-commonjs/README.md","REMOVE","Third-party vendored files (not knowledge)"
"node_modules/@babel/plugin-transform-modules-systemjs/README.md","REMOVE","Third-party vendored files (not knowledge)"
"node_modules/@babel/plugin-transform-modules-umd/README.md","REMOVE","Third-party vendored files (not knowledge)"
"node_modules/@babel/plugin-transform-named-capturing-groups-regex/README.md","REMOVE","Third-party vendored files (not knowledge)"
"node_modules/@babel/plugin-transform-new-target/README.md","REMOVE","Third-party vendored files (not knowledge)"
"node_modules/@babel/plugin-transform-nullish-coalescing-operator/README.md","REMOVE","Third-party vendored files (not knowledge)"
"node_modules/@babel/plugin-transform-numeric-separator/README.md","REMOVE","Third-party vendored files (not knowledge)"
"node_modules/@babel/plugin-transform-object-rest-spread/README.md","REMOVE","Third-party vendored files (not knowledge)"
"node_modules/@babel/plugin-transform-object-super/README.md","REMOVE","Third-party vendored files (not knowledge)"
"node_modules/@babel/plugin-transform-optional-catch-binding/README.md","REMOVE","Third-party vendored files (not knowledge)"
"node_modules/@babel/plugin-transform-optional-chaining/README.md","REMOVE","Third-party vendored files (not knowledge)"
"node_modules/@babel/plugin-transform-parameters/README.md","REMOVE","Third-party vendored files (not knowledge)"
"node_modules/@babel/plugin-transform-private-methods/README.md","REMOVE","Third-party vendored files (not knowledge)"
"node_modules/@babel/plugin-transform-private-property-in-object/README.md","REMOVE","Third-party vendored files (not knowledge)"
"node_modules/@babel/plugin-transform-property-literals/README.md","REMOVE","Third-party vendored files (not knowledge)"
"node_modules/@babel/plugin-transform-regenerator/README.md","REMOVE","Third-party vendored files (not knowledge)"
"node_modules/@babel/plugin-transform-regexp-modifiers/README.md","REMOVE","Third-party vendored files (not knowledge)"
"node_modules/@babel/plugin-transform-reserved-words/README.md","REMOVE","Third-party vendored files (not knowledge)"
"node_modules/@babel/plugin-transform-shorthand-properties/README.md","REMOVE","Third-party vendored files (not knowledge)"
"node_modules/@babel/plugin-transform-spread/README.md","REMOVE","Third-party vendored files (not knowledge)"
"node_modules/@babel/plugin-transform-sticky-regex/README.md","REMOVE","Third-party vendored files (not knowledge)"
"node_modules/@babel/plugin-transform-template-literals/README.md","REMOVE","Third-party vendored files (not knowledge)"
"node_modules/@babel/plugin-transform-typeof-symbol/README.md","REMOVE","Third-party vendored files (not knowledge)"
"node_modules/@babel/plugin-transform-unicode-escapes/README.md","REMOVE","Third-party vendored files (not knowledge)"
"node_modules/@babel/plugin-transform-unicode-property-regex/README.md","REMOVE","Third-party vendored files (not knowledge)"
"node_modules/@babel/plugin-transform-unicode-regex/README.md","REMOVE","Third-party vendored files (not knowledge)"
"node_modules/@babel/plugin-transform-unicode-sets-regex/README.md","REMOVE","Third-party vendored files (not knowledge)"
"node_modules/@babel/preset-env/CONTRIBUTING.md","REMOVE","Third-party vendored files (not knowledge)"
"node_modules/@babel/preset-env/README.md","REMOVE","Third-party vendored files (not knowledge)"
"node_modules/@babel/preset-modules/README.md","REMOVE","Third-party vendored files (not knowledge)"
"node_modules/@babel/template/README.md","REMOVE","Third-party vendored files (not knowledge)"
"node_modules/@babel/traverse/README.md","REMOVE","Third-party vendored files (not knowledge)"
"node_modules/@babel/types/README.md","REMOVE","Third-party vendored files (not knowledge)"
"node_modules/@bcoe/v8-coverage/CHANGELOG.md","REMOVE","Third-party vendored files (not knowledge)"
"node_modules/@bcoe/v8-coverage/dist/lib/CHANGELOG.md","REMOVE","Third-party vendored files (not knowledge)"
"node_modules/@bcoe/v8-coverage/dist/lib/LICENSE.md","REMOVE","Third-party vendored files (not knowledge)"
"node_modules/@bcoe/v8-coverage/dist/lib/README.md","REMOVE","Third-party vendored files (not knowledge)"
"node_modules/@bcoe/v8-coverage/LICENSE.md","REMOVE","Third-party vendored files (not knowledge)"
"node_modules/@bcoe/v8-coverage/README.md","REMOVE","Third-party vendored files (not knowledge)"
"node_modules/@isaacs/cliui/README.md","REMOVE","Third-party vendored files (not knowledge)"
"node_modules/@istanbuljs/load-nyc-config/CHANGELOG.md","REMOVE","Third-party vendored files (not knowledge)"
"node_modules/@istanbuljs/load-nyc-config/README.md","REMOVE","Third-party vendored files (not knowledge)"
"node_modules/@istanbuljs/schema/CHANGELOG.md","REMOVE","Third-party vendored files (not knowledge)"
"node_modules/@istanbuljs/schema/README.md","REMOVE","Third-party vendored files (not knowledge)"
"node_modules/@jest/core/README.md","REMOVE","Third-party vendored files (not knowledge)"
"node_modules/@jest/diff-sequences/README.md","REMOVE","Third-party vendored files (not knowledge)"
"node_modules/@jest/expect-utils/README.md","REMOVE","Third-party vendored files (not knowledge)"
"node_modules/@jest/expect/README.md","REMOVE","Third-party vendored files (not knowledge)"
"node_modules/@jest/pattern/README.md","REMOVE","Third-party vendored files (not knowledge)"
"node_modules/@jest/schemas/README.md","REMOVE","Third-party vendored files (not knowledge)"
"node_modules/@jest/types/README.md","REMOVE","Third-party vendored files (not knowledge)"
"node_modules/@jridgewell/gen-mapping/README.md","REMOVE","Third-party vendored files (not knowledge)"
"node_modules/@jridgewell/remapping/README.md","REMOVE","Third-party vendored files (not knowledge)"
"node_modules/@jridgewell/resolve-uri/README.md","REMOVE","Third-party vendored files (not knowledge)"
"node_modules/@jridgewell/sourcemap-codec/README.md","REMOVE","Third-party vendored files (not knowledge)"
"node_modules/@jridgewell/trace-mapping/README.md","REMOVE","Third-party vendored files (not knowledge)"
"node_modules/@pkgjs/parseargs/CHANGELOG.md","REMOVE","Third-party vendored files (not knowledge)"
"node_modules/@pkgjs/parseargs/README.md","REMOVE","Third-party vendored files (not knowledge)"
"node_modules/@sinclair/typebox/readme.md","REMOVE","Third-party vendored files (not knowledge)"
"node_modules/@sinonjs/commons/lib/prototypes/README.md","REMOVE","Third-party vendored files (not knowledge)"
"node_modules/@sinonjs/commons/README.md","REMOVE","Third-party vendored files (not knowledge)"
"node_modules/@sinonjs/fake-timers/README.md","REMOVE","Third-party vendored files (not knowledge)"
"node_modules/@types/babel__core/README.md","REMOVE","Third-party vendored files (not knowledge)"
"node_modules/@types/babel__generator/README.md","REMOVE","Third-party vendored files (not knowledge)"
"node_modules/@types/babel__template/README.md","REMOVE","Third-party vendored files (not knowledge)"
"node_modules/@types/babel__traverse/README.md","REMOVE","Third-party vendored files (not knowledge)"
"node_modules/@types/istanbul-lib-coverage/README.md","REMOVE","Third-party vendored files (not knowledge)"
"node_modules/@types/istanbul-lib-report/README.md","REMOVE","Third-party vendored files (not knowledge)"
"node_modules/@types/istanbul-reports/README.md","REMOVE","Third-party vendored files (not knowledge)"
"node_modules/@types/node/README.md","REMOVE","Third-party vendored files (not knowledge)"
"node_modules/@types/stack-utils/README.md","REMOVE","Third-party vendored files (not knowledge)"
"node_modules/@types/yargs-parser/README.md","REMOVE","Third-party vendored files (not knowledge)"
"node_modules/@types/yargs/README.md","REMOVE","Third-party vendored files (not knowledge)"
"node_modules/@ungap/structured-clone/README.md","REMOVE","Third-party vendored files (not knowledge)"
"node_modules/@unrs/resolver-binding-darwin-arm64/README.md","REMOVE","Third-party vendored files (not knowledge)"
"node_modules/ansi-escapes/readme.md","REMOVE","Third-party vendored files (not knowledge)"
"node_modules/ansi-regex/readme.md","REMOVE","Third-party vendored files (not knowledge)"
"node_modules/ansi-styles/readme.md","REMOVE","Third-party vendored files (not knowledge)"
"node_modules/anymatch/README.md","REMOVE","Third-party vendored files (not knowledge)"
"node_modules/argparse/CHANGELOG.md","REMOVE","Third-party vendored files (not knowledge)"
"node_modules/argparse/README.md","REMOVE","Third-party vendored files (not knowledge)"
"node_modules/babel-jest/README.md","REMOVE","Third-party vendored files (not knowledge)"
"node_modules/babel-plugin-istanbul/CHANGELOG.md","REMOVE","Third-party vendored files (not knowledge)"
"node_modules/babel-plugin-istanbul/README.md","REMOVE","Third-party vendored files (not knowledge)"
"node_modules/babel-plugin-jest-hoist/README.md","REMOVE","Third-party vendored files (not knowledge)"
"node_modules/babel-plugin-polyfill-corejs2/README.md","REMOVE","Third-party vendored files (not knowledge)"
"node_modules/babel-plugin-polyfill-corejs3/core-js-compat/README.md","REMOVE","Third-party vendored files (not knowledge)"
"node_modules/babel-plugin-polyfill-corejs3/README.md","REMOVE","Third-party vendored files (not knowledge)"
"node_modules/babel-plugin-polyfill-regenerator/README.md","REMOVE","Third-party vendored files (not knowledge)"
"node_modules/babel-preset-current-node-syntax/README.md","REMOVE","Third-party vendored files (not knowledge)"
"node_modules/babel-preset-jest/README.md","REMOVE","Third-party vendored files (not knowledge)"
"node_modules/balanced-match/LICENSE.md","REMOVE","Third-party vendored files (not knowledge)"
"node_modules/balanced-match/README.md","REMOVE","Third-party vendored files (not knowledge)"
"node_modules/baseline-browser-mapping/README.md","REMOVE","Third-party vendored files (not knowledge)"
"node_modules/brace-expansion/README.md","REMOVE","Third-party vendored files (not knowledge)"
"node_modules/braces/README.md","REMOVE","Third-party vendored files (not knowledge)"
"node_modules/browserslist/README.md","REMOVE","Third-party vendored files (not knowledge)"
"node_modules/bser/README.md","REMOVE","Third-party vendored files (not knowledge)"
"node_modules/buffer-from/readme.md","REMOVE","Third-party vendored files (not knowledge)"
"node_modules/callsites/readme.md","REMOVE","Third-party vendored files (not knowledge)"
"node_modules/camelcase/readme.md","REMOVE","Third-party vendored files (not knowledge)"
"node_modules/caniuse-lite/README.md","REMOVE","Third-party vendored files (not knowledge)"
"node_modules/chalk/readme.md","REMOVE","Third-party vendored files (not knowledge)"
"node_modules/char-regex/README.md","REMOVE","Third-party vendored files (not knowledge)"
"node_modules/ci-info/CHANGELOG.md","REMOVE","Third-party vendored files (not knowledge)"
"node_modules/ci-info/README.md","REMOVE","Third-party vendored files (not knowledge)"
"node_modules/cjs-module-lexer/README.md","REMOVE","Third-party vendored files (not knowledge)"
"node_modules/cliui/CHANGELOG.md","REMOVE","Third-party vendored files (not knowledge)"
"node_modules/cliui/node_modules/ansi-regex/readme.md","REMOVE","Third-party vendored files (not knowledge)"
"node_modules/cliui/node_modules/emoji-regex/README.md","REMOVE","Third-party vendored files (not knowledge)"
"node_modules/cliui/node_modules/string-width/readme.md","REMOVE","Third-party vendored files (not knowledge)"
"node_modules/cliui/node_modules/strip-ansi/readme.md","REMOVE","Third-party vendored files (not knowledge)"
"node_modules/cliui/node_modules/wrap-ansi/readme.md","REMOVE","Third-party vendored files (not knowledge)"
"node_modules/cliui/README.md","REMOVE","Third-party vendored files (not knowledge)"
"node_modules/co/History.md","REMOVE","Third-party vendored files (not knowledge)"
"node_modules/co/Readme.md","REMOVE","Third-party vendored files (not knowledge)"
"node_modules/collect-v8-coverage/CHANGELOG.md","REMOVE","Third-party vendored files (not knowledge)"
"node_modules/collect-v8-coverage/README.md","REMOVE","Third-party vendored files (not knowledge)"
"node_modules/color-convert/CHANGELOG.md","REMOVE","Third-party vendored files (not knowledge)"
"node_modules/color-convert/README.md","REMOVE","Third-party vendored files (not knowledge)"
"node_modules/color-name/README.md","REMOVE","Third-party vendored files (not knowledge)"
"node_modules/convert-source-map/README.md","REMOVE","Third-party vendored files (not knowledge)"
"node_modules/core-js-compat/README.md","REMOVE","Third-party vendored files (not knowledge)"
"node_modules/cross-spawn/README.md","REMOVE","Third-party vendored files (not knowledge)"
"node_modules/debug/README.md","REMOVE","Third-party vendored files (not knowledge)"
"node_modules/dedent/LICENSE.md","REMOVE","Third-party vendored files (not knowledge)"
"node_modules/dedent/README.md","REMOVE","Third-party vendored files (not knowledge)"
"node_modules/deepmerge/changelog.md","REMOVE","Third-party vendored files (not knowledge)"
"node_modules/deepmerge/readme.md","REMOVE","Third-party vendored files (not knowledge)"
"node_modules/detect-newline/readme.md","REMOVE","Third-party vendored files (not knowledge)"
"node_modules/eastasianwidth/README.md","REMOVE","Third-party vendored files (not knowledge)"
"node_modules/electron-to-chromium/README.md","REMOVE","Third-party vendored files (not knowledge)"
"node_modules/emittery/readme.md","REMOVE","Third-party vendored files (not knowledge)"
"node_modules/emoji-regex/README.md","REMOVE","Third-party vendored files (not knowledge)"
"node_modules/error-ex/README.md","REMOVE","Third-party vendored files (not knowledge)"
"node_modules/escalade/readme.md","REMOVE","Third-party vendored files (not knowledge)"
"node_modules/escape-string-regexp/readme.md","REMOVE","Third-party vendored files (not knowledge)"
"node_modules/esprima/README.md","REMOVE","Third-party vendored files (not knowledge)"
"node_modules/esutils/README.md","REMOVE","Third-party vendored files (not knowledge)"
"node_modules/execa/node_modules/signal-exit/README.md","REMOVE","Third-party vendored files (not knowledge)"
"node_modules/execa/readme.md","REMOVE","Third-party vendored files (not knowledge)"
"node_modules/exit-x/README.md","REMOVE","Third-party vendored files (not knowledge)"
"node_modules/expect/README.md","REMOVE","Third-party vendored files (not knowledge)"
"node_modules/fast-json-stable-stringify/README.md","REMOVE","Third-party vendored files (not knowledge)"
"node_modules/fb-watchman/README.md","REMOVE","Third-party vendored files (not knowledge)"
"node_modules/fill-range/README.md","REMOVE","Third-party vendored files (not knowledge)"
"node_modules/find-up/readme.md","REMOVE","Third-party vendored files (not knowledge)"
"node_modules/foreground-child/README.md","REMOVE","Third-party vendored files (not knowledge)"
"node_modules/fs.realpath/README.md","REMOVE","Third-party vendored files (not knowledge)"
"node_modules/function-bind/.github/SECURITY.md","REMOVE","Third-party vendored files (not knowledge)"
"node_modules/function-bind/CHANGELOG.md","REMOVE","Third-party vendored files (not knowledge)"
"node_modules/function-bind/README.md","REMOVE","Third-party vendored files (not knowledge)"
"node_modules/gensync/README.md","REMOVE","Third-party vendored files (not knowledge)"
"node_modules/get-caller-file/LICENSE.md","REMOVE","Third-party vendored files (not knowledge)"
"node_modules/get-caller-file/README.md","REMOVE","Third-party vendored files (not knowledge)"
"node_modules/get-package-type/CHANGELOG.md","REMOVE","Third-party vendored files (not knowledge)"
"node_modules/get-package-type/README.md","REMOVE","Third-party vendored files (not knowledge)"
"node_modules/get-stream/readme.md","REMOVE","Third-party vendored files (not knowledge)"
"node_modules/glob/README.md","REMOVE","Third-party vendored files (not knowledge)"
"node_modules/graceful-fs/README.md","REMOVE","Third-party vendored files (not knowledge)"
"node_modules/has-flag/readme.md","REMOVE","Third-party vendored files (not knowledge)"
"node_modules/hasown/CHANGELOG.md","REMOVE","Third-party vendored files (not knowledge)"
"node_modules/hasown/README.md","REMOVE","Third-party vendored files (not knowledge)"
"node_modules/html-escaper/README.md","REMOVE","Third-party vendored files (not knowledge)"
"node_modules/human-signals/CHANGELOG.md","REMOVE","Third-party vendored files (not knowledge)"
"node_modules/human-signals/README.md","REMOVE","Third-party vendored files (not knowledge)"
"node_modules/import-local/readme.md","REMOVE","Third-party vendored files (not knowledge)"
"node_modules/imurmurhash/README.md","REMOVE","Third-party vendored files (not knowledge)"
"node_modules/inflight/README.md","REMOVE","Third-party vendored files (not knowledge)"
"node_modules/inherits/README.md","REMOVE","Third-party vendored files (not knowledge)"
"node_modules/is-arrayish/README.md","REMOVE","Third-party vendored files (not knowledge)"
"node_modules/is-core-module/CHANGELOG.md","REMOVE","Third-party vendored files (not knowledge)"
"node_modules/is-core-module/README.md","REMOVE","Third-party vendored files (not knowledge)"
"node_modules/is-fullwidth-code-point/readme.md","REMOVE","Third-party vendored files (not knowledge)"
"node_modules/is-generator-fn/readme.md","REMOVE","Third-party vendored files (not knowledge)"
"node_modules/is-number/README.md","REMOVE","Third-party vendored files (not knowledge)"
"node_modules/is-stream/readme.md","REMOVE","Third-party vendored files (not knowledge)"
"node_modules/isexe/README.md","REMOVE","Third-party vendored files (not knowledge)"
"node_modules/istanbul-lib-coverage/CHANGELOG.md","REMOVE","Third-party vendored files (not knowledge)"
"node_modules/istanbul-lib-coverage/README.md","REMOVE","Third-party vendored files (not knowledge)"
"node_modules/istanbul-lib-instrument/CHANGELOG.md","REMOVE","Third-party vendored files (not knowledge)"
"node_modules/istanbul-lib-instrument/node_modules/semver/README.md","REMOVE","Third-party vendored files (not knowledge)"
"node_modules/istanbul-lib-instrument/README.md","REMOVE","Third-party vendored files (not knowledge)"
"node_modules/istanbul-lib-report/CHANGELOG.md","REMOVE","Third-party vendored files (not knowledge)"
"node_modules/istanbul-lib-report/README.md","REMOVE","Third-party vendored files (not knowledge)"
"node_modules/istanbul-lib-source-maps/CHANGELOG.md","REMOVE","Third-party vendored files (not knowledge)"
"node_modules/istanbul-lib-source-maps/README.md","REMOVE","Third-party vendored files (not knowledge)"
"node_modules/istanbul-reports/CHANGELOG.md","REMOVE","Third-party vendored files (not knowledge)"
"node_modules/istanbul-reports/README.md","REMOVE","Third-party vendored files (not knowledge)"
"node_modules/jackspeak/LICENSE.md","REMOVE","Third-party vendored files (not knowledge)"
"node_modules/jackspeak/README.md","REMOVE","Third-party vendored files (not knowledge)"
"node_modules/jest-changed-files/README.md","REMOVE","Third-party vendored files (not knowledge)"
"node_modules/jest-circus/README.md","REMOVE","Third-party vendored files (not knowledge)"
"node_modules/jest-cli/README.md","REMOVE","Third-party vendored files (not knowledge)"
"node_modules/jest-diff/README.md","REMOVE","Third-party vendored files (not knowledge)"
"node_modules/jest-docblock/README.md","REMOVE","Third-party vendored files (not knowledge)"
"node_modules/jest-each/README.md","REMOVE","Third-party vendored files (not knowledge)"
"node_modules/jest-haste-map/README.md","REMOVE","Third-party vendored files (not knowledge)"
"node_modules/jest-leak-detector/README.md","REMOVE","Third-party vendored files (not knowledge)"
"node_modules/jest-matcher-utils/README.md","REMOVE","Third-party vendored files (not knowledge)"
"node_modules/jest-mock/README.md","REMOVE","Third-party vendored files (not knowledge)"
"node_modules/jest-pnp-resolver/README.md","REMOVE","Third-party vendored files (not knowledge)"
"node_modules/jest-snapshot/node_modules/semver/README.md","REMOVE","Third-party vendored files (not knowledge)"
"node_modules/jest-util/node_modules/picomatch/README.md","REMOVE","Third-party vendored files (not knowledge)"
"node_modules/jest-util/Readme.md","REMOVE","Third-party vendored files (not knowledge)"
"node_modules/jest-validate/node_modules/camelcase/readme.md","REMOVE","Third-party vendored files (not knowledge)"
"node_modules/jest-validate/README.md","REMOVE","Third-party vendored files (not knowledge)"
"node_modules/jest-worker/node_modules/supports-color/readme.md","REMOVE","Third-party vendored files (not knowledge)"
"node_modules/jest-worker/README.md","REMOVE","Third-party vendored files (not knowledge)"
"node_modules/jest/README.md","REMOVE","Third-party vendored files (not knowledge)"
"node_modules/js-tokens/CHANGELOG.md","REMOVE","Third-party vendored files (not knowledge)"
"node_modules/js-tokens/README.md","REMOVE","Third-party vendored files (not knowledge)"
"node_modules/js-yaml/README.md","REMOVE","Third-party vendored files (not knowledge)"
"node_modules/jsesc/README.md","REMOVE","Third-party vendored files (not knowledge)"
"node_modules/json-parse-even-better-errors/CHANGELOG.md","REMOVE","Third-party vendored files (not knowledge)"
"node_modules/json-parse-even-better-errors/LICENSE.md","REMOVE","Third-party vendored files (not knowledge)"
"node_modules/json-parse-even-better-errors/README.md","REMOVE","Third-party vendored files (not knowledge)"
"node_modules/json5/LICENSE.md","REMOVE","Third-party vendored files (not knowledge)"
"node_modules/json5/README.md","REMOVE","Third-party vendored files (not knowledge)"
"node_modules/leven/readme.md","REMOVE","Third-party vendored files (not knowledge)"
"node_modules/lines-and-columns/README.md","REMOVE","Third-party vendored files (not knowledge)"
"node_modules/locate-path/readme.md","REMOVE","Third-party vendored files (not knowledge)"
"node_modules/lodash.debounce/README.md","REMOVE","Third-party vendored files (not knowledge)"
"node_modules/lru-cache/README.md","REMOVE","Third-party vendored files (not knowledge)"
"node_modules/make-dir/node_modules/semver/README.md","REMOVE","Third-party vendored files (not knowledge)"
"node_modules/make-dir/readme.md","REMOVE","Third-party vendored files (not knowledge)"
"node_modules/makeerror/readme.md","REMOVE","Third-party vendored files (not knowledge)"
"node_modules/merge-stream/README.md","REMOVE","Third-party vendored files (not knowledge)"
"node_modules/micromatch/README.md","REMOVE","Third-party vendored files (not knowledge)"
"node_modules/mimic-fn/readme.md","REMOVE","Third-party vendored files (not knowledge)"
"node_modules/minimatch/README.md","REMOVE","Third-party vendored files (not knowledge)"
"node_modules/minipass/README.md","REMOVE","Third-party vendored files (not knowledge)"
"node_modules/ms/license.md","REMOVE","Third-party vendored files (not knowledge)"
"node_modules/ms/readme.md","REMOVE","Third-party vendored files (not knowledge)"
"node_modules/napi-postinstall/README.md","REMOVE","Third-party vendored files (not knowledge)"
"node_modules/natural-compare/README.md","REMOVE","Third-party vendored files (not knowledge)"
"node_modules/node-int64/README.md","REMOVE","Third-party vendored files (not knowledge)"
"node_modules/node-releases/README.md","REMOVE","Third-party vendored files (not knowledge)"
"node_modules/normalize-path/README.md","REMOVE","Third-party vendored files (not knowledge)"
"node_modules/npm-run-path/readme.md","REMOVE","Third-party vendored files (not knowledge)"
"node_modules/once/README.md","REMOVE","Third-party vendored files (not knowledge)"
"node_modules/onetime/readme.md","REMOVE","Third-party vendored files (not knowledge)"
"node_modules/p-limit/readme.md","REMOVE","Third-party vendored files (not knowledge)"
"node_modules/p-locate/node_modules/p-limit/readme.md","REMOVE","Third-party vendored files (not knowledge)"
"node_modules/p-locate/readme.md","REMOVE","Third-party vendored files (not knowledge)"
"node_modules/p-try/readme.md","REMOVE","Third-party vendored files (not knowledge)"
"node_modules/package-json-from-dist/LICENSE.md","REMOVE","Third-party vendored files (not knowledge)"
"node_modules/package-json-from-dist/README.md","REMOVE","Third-party vendored files (not knowledge)"
"node_modules/parse-json/readme.md","REMOVE","Third-party vendored files (not knowledge)"
"node_modules/path-exists/readme.md","REMOVE","Third-party vendored files (not knowledge)"
"node_modules/path-is-absolute/readme.md","REMOVE","Third-party vendored files (not knowledge)"
"node_modules/path-key/readme.md","REMOVE","Third-party vendored files (not knowledge)"
"node_modules/path-parse/README.md","REMOVE","Third-party vendored files (not knowledge)"
"node_modules/path-scurry/LICENSE.md","REMOVE","Third-party vendored files (not knowledge)"
"node_modules/path-scurry/node_modules/lru-cache/README.md","REMOVE","Third-party vendored files (not knowledge)"
"node_modules/path-scurry/README.md","REMOVE","Third-party vendored files (not knowledge)"
"node_modules/picocolors/README.md","REMOVE","Third-party vendored files (not knowledge)"
"node_modules/picomatch/CHANGELOG.md","REMOVE","Third-party vendored files (not knowledge)"
"node_modules/picomatch/README.md","REMOVE","Third-party vendored files (not knowledge)"
"node_modules/pirates/README.md","REMOVE","Third-party vendored files (not knowledge)"
"node_modules/pkg-dir/readme.md","REMOVE","Third-party vendored files (not knowledge)"
"node_modules/pretty-format/node_modules/ansi-styles/readme.md","REMOVE","Third-party vendored files (not knowledge)"
"node_modules/pretty-format/README.md","REMOVE","Third-party vendored files (not knowledge)"
"node_modules/pure-rand/CHANGELOG.md","REMOVE","Third-party vendored files (not knowledge)"
"node_modules/pure-rand/README.md","REMOVE","Third-party vendored files (not knowledge)"
"node_modules/react-is/README.md","REMOVE","Third-party vendored files (not knowledge)"
"node_modules/regenerate-unicode-properties/README.md","REMOVE","Third-party vendored files (not knowledge)"
"node_modules/regenerate/README.md","REMOVE","Third-party vendored files (not knowledge)"
"node_modules/regexpu-core/README.md","REMOVE","Third-party vendored files (not knowledge)"
"node_modules/regjsgen/README.md","REMOVE","Third-party vendored files (not knowledge)"
"node_modules/regjsparser/README.md","REMOVE","Third-party vendored files (not knowledge)"
"node_modules/resolve-cwd/readme.md","REMOVE","Third-party vendored files (not knowledge)"
"node_modules/resolve-from/readme.md","REMOVE","Third-party vendored files (not knowledge)"
"node_modules/resolve/.github/INCIDENT_RESPONSE_PROCESS.md","REMOVE","Third-party vendored files (not knowledge)"
"node_modules/resolve/.github/THREAT_MODEL.md","REMOVE","Third-party vendored files (not knowledge)"
"node_modules/resolve/SECURITY.md","REMOVE","Third-party vendored files (not knowledge)"
"node_modules/semver/README.md","REMOVE","Third-party vendored files (not knowledge)"
"node_modules/shebang-command/readme.md","REMOVE","Third-party vendored files (not knowledge)"
"node_modules/shebang-regex/readme.md","REMOVE","Third-party vendored files (not knowledge)"
"node_modules/signal-exit/README.md","REMOVE","Third-party vendored files (not knowledge)"
"node_modules/slash/readme.md","REMOVE","Third-party vendored files (not knowledge)"
"node_modules/source-map-support/LICENSE.md","REMOVE","Third-party vendored files (not knowledge)"
"node_modules/source-map-support/README.md","REMOVE","Third-party vendored files (not knowledge)"
"node_modules/source-map/CHANGELOG.md","REMOVE","Third-party vendored files (not knowledge)"
"node_modules/source-map/README.md","REMOVE","Third-party vendored files (not knowledge)"
"node_modules/sprintf-js/README.md","REMOVE","Third-party vendored files (not knowledge)"
"node_modules/stack-utils/LICENSE.md","REMOVE","Third-party vendored files (not knowledge)"
"node_modules/stack-utils/readme.md","REMOVE","Third-party vendored files (not knowledge)"
"node_modules/string-length/node_modules/ansi-regex/readme.md","REMOVE","Third-party vendored files (not knowledge)"
"node_modules/string-length/node_modules/strip-ansi/readme.md","REMOVE","Third-party vendored files (not knowledge)"
"node_modules/string-length/readme.md","REMOVE","Third-party vendored files (not knowledge)"
"node_modules/string-width-cjs/node_modules/ansi-regex/readme.md","REMOVE","Third-party vendored files (not knowledge)"
"node_modules/string-width-cjs/node_modules/emoji-regex/README.md","REMOVE","Third-party vendored files (not knowledge)"
"node_modules/string-width-cjs/node_modules/strip-ansi/readme.md","REMOVE","Third-party vendored files (not knowledge)"
"node_modules/string-width-cjs/readme.md","REMOVE","Third-party vendored files (not knowledge)"
"node_modules/string-width/readme.md","REMOVE","Third-party vendored files (not knowledge)"
"node_modules/strip-ansi-cjs/node_modules/ansi-regex/readme.md","REMOVE","Third-party vendored files (not knowledge)"
"node_modules/strip-ansi-cjs/readme.md","REMOVE","Third-party vendored files (not knowledge)"
"node_modules/strip-ansi/readme.md","REMOVE","Third-party vendored files (not knowledge)"
"node_modules/strip-bom/readme.md","REMOVE","Third-party vendored files (not knowledge)"
"node_modules/strip-final-newline/readme.md","REMOVE","Third-party vendored files (not knowledge)"
"node_modules/strip-json-comments/readme.md","REMOVE","Third-party vendored files (not knowledge)"
"node_modules/supports-color/readme.md","REMOVE","Third-party vendored files (not knowledge)"
"node_modules/supports-preserve-symlinks-flag/CHANGELOG.md","REMOVE","Third-party vendored files (not knowledge)"
"node_modules/supports-preserve-symlinks-flag/README.md","REMOVE","Third-party vendored files (not knowledge)"
"node_modules/synckit/README.md","REMOVE","Third-party vendored files (not knowledge)"
"node_modules/test-exclude/CHANGELOG.md","REMOVE","Third-party vendored files (not knowledge)"
"node_modules/test-exclude/node_modules/brace-expansion/README.md","REMOVE","Third-party vendored files (not knowledge)"
"node_modules/test-exclude/node_modules/glob/README.md","REMOVE","Third-party vendored files (not knowledge)"
"node_modules/test-exclude/node_modules/minimatch/README.md","REMOVE","Third-party vendored files (not knowledge)"
"node_modules/test-exclude/README.md","REMOVE","Third-party vendored files (not knowledge)"
"node_modules/tmpl/readme.md","REMOVE","Third-party vendored files (not knowledge)"
"node_modules/to-regex-range/README.md","REMOVE","Third-party vendored files (not knowledge)"
"node_modules/type-detect/README.md","REMOVE","Third-party vendored files (not knowledge)"
"node_modules/type-fest/readme.md","REMOVE","Third-party vendored files (not knowledge)"
"node_modules/undici-types/README.md","REMOVE","Third-party vendored files (not knowledge)"
"node_modules/unicode-canonical-property-names-ecmascript/README.md","REMOVE","Third-party vendored files (not knowledge)"
"node_modules/unicode-match-property-ecmascript/README.md","REMOVE","Third-party vendored files (not knowledge)"
"node_modules/unicode-match-property-value-ecmascript/README.md","REMOVE","Third-party vendored files (not knowledge)"
"node_modules/unicode-property-aliases-ecmascript/README.md","REMOVE","Third-party vendored files (not knowledge)"
"node_modules/unrs-resolver/README.md","REMOVE","Third-party vendored files (not knowledge)"
"node_modules/update-browserslist-db/README.md","REMOVE","Third-party vendored files (not knowledge)"
"node_modules/v8-to-istanbul/CHANGELOG.md","REMOVE","Third-party vendored files (not knowledge)"
"node_modules/v8-to-istanbul/README.md","REMOVE","Third-party vendored files (not knowledge)"
"node_modules/walker/readme.md","REMOVE","Third-party vendored files (not knowledge)"
"node_modules/which/CHANGELOG.md","REMOVE","Third-party vendored files (not knowledge)"
"node_modules/which/README.md","REMOVE","Third-party vendored files (not knowledge)"
"node_modules/wrap-ansi-cjs/node_modules/ansi-regex/readme.md","REMOVE","Third-party vendored files (not knowledge)"
"node_modules/wrap-ansi-cjs/node_modules/emoji-regex/README.md","REMOVE","Third-party vendored files (not knowledge)"
"node_modules/wrap-ansi-cjs/node_modules/string-width/readme.md","REMOVE","Third-party vendored files (not knowledge)"
"node_modules/wrap-ansi-cjs/node_modules/strip-ansi/readme.md","REMOVE","Third-party vendored files (not knowledge)"
"node_modules/wrap-ansi-cjs/readme.md","REMOVE","Third-party vendored files (not knowledge)"
"node_modules/wrap-ansi/node_modules/ansi-styles/readme.md","REMOVE","Third-party vendored files (not knowledge)"
"node_modules/wrap-ansi/readme.md","REMOVE","Third-party vendored files (not knowledge)"
"node_modules/wrappy/README.md","REMOVE","Third-party vendored files (not knowledge)"
"node_modules/write-file-atomic/LICENSE.md","REMOVE","Third-party vendored files (not knowledge)"
"node_modules/write-file-atomic/README.md","REMOVE","Third-party vendored files (not knowledge)"
"node_modules/y18n/CHANGELOG.md","REMOVE","Third-party vendored files (not knowledge)"
"node_modules/y18n/README.md","REMOVE","Third-party vendored files (not knowledge)"
"node_modules/yallist/README.md","REMOVE","Third-party vendored files (not knowledge)"
"node_modules/yargs-parser/CHANGELOG.md","REMOVE","Third-party vendored files (not knowledge)"
"node_modules/yargs-parser/README.md","REMOVE","Third-party vendored files (not knowledge)"
"node_modules/yargs/node_modules/ansi-regex/readme.md","REMOVE","Third-party vendored files (not knowledge)"
"node_modules/yargs/node_modules/emoji-regex/README.md","REMOVE","Third-party vendored files (not knowledge)"
"node_modules/yargs/node_modules/string-width/readme.md","REMOVE","Third-party vendored files (not knowledge)"
"node_modules/yargs/node_modules/strip-ansi/readme.md","REMOVE","Third-party vendored files (not knowledge)"
"node_modules/yargs/README.md","REMOVE","Third-party vendored files (not knowledge)"
"node_modules/yocto-queue/readme.md","REMOVE","Third-party vendored files (not knowledge)"
"orchestrator/readme.md","ARCHIVE","Uncertain — archive to reduce agent risk"
"portfolio_optimization_report.md","ARCHIVE","Strategy/report files (historical/experimental)"
"POWER_LOTTO_strategy_report.md","ARCHIVE","Strategy/report files (historical/experimental)"
"predictability_ceiling_report.md","ARCHIVE","Strategy/report files (historical/experimental)"
"PROJECT_COMPLETION_CHECKLIST.md","ARCHIVE","Uncertain — archive to reduce agent risk"
"provisional/README.md","ARCHIVE","Uncertain — archive to reduce agent risk"
"README_NAVIGATION.md","KEEP","Root knowledge entry exception"
"README.md","KEEP","Root knowledge entry exception"
"rejected/README.md","ARCHIVE","Uncertain — archive to reduce agent risk"
"RESEARCH_539_REPORT.md","ARCHIVE","Uncertain — archive to reduce agent risk"
"research_process_and_conclusion_zh_tw.md","ARCHIVE","Uncertain — archive to reduce agent risk"
"research/3_star_analysis/AUTOMATED_DISCOVERY_REPORT.md","ARCHIVE","Uncertain — archive to reduce agent risk"
"research/3_star_analysis/STEP1_MATH_MODEL.md","ARCHIVE","Uncertain — archive to reduce agent risk"
"research/3_star_analysis/STEP2_PREDICTION_METHODS.md","ARCHIVE","Uncertain — archive to reduce agent risk"
"research/3_star_analysis/STEP3_FEASIBILITY.md","ARCHIVE","Uncertain — archive to reduce agent risk"
"research/3_star_analysis/STEP6_OVERFITTING.md","ARCHIVE","Uncertain — archive to reduce agent risk"
"research/3_star_analysis/STEP7_ENSEMBLE.md","ARCHIVE","Uncertain — archive to reduce agent risk"
"research/3_star_analysis/STEP8_PHYSICAL_BIAS.md","ARCHIVE","Uncertain — archive to reduce agent risk"
"research/3_star_analysis/STEP9_DECISION_SUPPORT.md","ARCHIVE","Uncertain — archive to reduce agent risk"
"research/3_star_analysis/SUMMARY_REPORT.md","ARCHIVE","Uncertain — archive to reduce agent risk"
"research/acf_pacf_scan_summary.md","ARCHIVE","Uncertain — archive to reduce agent risk"
"research/analysis_outputs/ab_amplified_learning_20260416_101049.md","ARCHIVE","Uncertain — archive to reduce agent risk"
"research/analysis_outputs/ab_amplified_learning_20260416_154805.md","ARCHIVE","Uncertain — archive to reduce agent risk"
"research/analysis_outputs/ab_decision_integration_20260416_102235.md","ARCHIVE","Uncertain — archive to reduce agent risk"
"research/analysis_outputs/ab_decision_integration_20260416_102550.md","ARCHIVE","Uncertain — archive to reduce agent risk"
"research/analysis_outputs/ab_quality_integration_20260416_110000.md","ARCHIVE","Uncertain — archive to reduce agent risk"
"research/analysis_outputs/ab_quality_integration_20260416_110248.md","ARCHIVE","Uncertain — archive to reduce agent risk"
"research/analysis_outputs/ab_quality_integration_20260416_110641.md","ARCHIVE","Uncertain — archive to reduce agent risk"
"research/analysis_outputs/ab_refined_learning_20260416_094927.md","ARCHIVE","Uncertain — archive to reduce agent risk"
"research/analysis_outputs/ab_refined_learning_20260416_095700.md","ARCHIVE","Uncertain — archive to reduce agent risk"
"research/COMPREHENSIVE_PREDICTION_RESEARCH_2026.md","ARCHIVE","Uncertain — archive to reduce agent risk"
"research/hedge_fund_strategy_report.md","ARCHIVE","Strategy/report files (historical/experimental)"
"research/s2_1_grid_gates.md","ARCHIVE","Uncertain — archive to reduce agent risk"
"research/s2_markov_weibull_gates.md","ARCHIVE","Uncertain — archive to reduce agent risk"
"research/STABILITY_COVERAGE_STUDY_2026.md","ARCHIVE","Uncertain — archive to reduce agent risk"
"runtime/agent_orchestrator/backlog.md","ARCHIVE","Uncertain — archive to reduce agent risk"
"runtime/agent_orchestrator/tasks/20260421/202604211110-completed-orchestrator-e2e-validate-launchd-setup.md","ARCHIVE","Uncertain — archive to reduce agent risk"
"runtime/agent_orchestrator/tasks/20260421/202604211110-prompt-orchestrator-e2e-validate-launchd-setup.md","ARCHIVE","Uncertain — archive to reduce agent risk"
"runtime/agent_orchestrator/tasks/20260421/202604211120-completed-威力彩-fourier-rhythm-3bet-500-期-oos-驗證持.md","ARCHIVE","Uncertain — archive to reduce agent risk"
"runtime/agent_orchestrator/tasks/20260421/202604211120-prompt-威力彩-fourier-rhythm-3bet-500-期-oos-驗證持.md","ARCHIVE","Uncertain — archive to reduce agent risk"
"runtime/agent_orchestrator/tasks/20260421/202604211121-completed-power-lotto-fourier-rhythm-500p-oos-vali.md","ARCHIVE","Uncertain — archive to reduce agent risk"
"runtime/agent_orchestrator/tasks/20260421/202604211121-prompt-power-lotto-fourier-rhythm-500p-oos-vali.md","ARCHIVE","Uncertain — archive to reduce agent risk"
"runtime/agent_orchestrator/tasks/20260421/202604211125-completed-power-lotto-midfreq-fourier-2bet-mcnemar.md","ARCHIVE","Uncertain — archive to reduce agent risk"
"runtime/agent_orchestrator/tasks/20260421/202604211125-prompt-power-lotto-midfreq-fourier-2bet-mcnemar.md","ARCHIVE","Uncertain — archive to reduce agent risk"
"runtime/agent_orchestrator/tasks/20260421/202604211141-completed-power-lotto-midfreq-fourier-2bet-mcnemar.md","ARCHIVE","Uncertain — archive to reduce agent risk"
"runtime/agent_orchestrator/tasks/20260421/202604211141-prompt-power-lotto-midfreq-fourier-2bet-mcnemar.md","ARCHIVE","Uncertain — archive to reduce agent risk"
"runtime/agent_orchestrator/tasks/20260421/202604211442-completed-powerlotto-winning-quality-p2-1.md","ARCHIVE","Uncertain — archive to reduce agent risk"
"runtime/agent_orchestrator/tasks/20260421/202604211442-prompt-powerlotto-winning-quality-p2-1.md","ARCHIVE","Uncertain — archive to reduce agent risk"
"runtime/agent_orchestrator/tasks/20260421/202604211502-completed-kebab-case-英文識別碼短於-40-字元只用英數與-hyphen.md","ARCHIVE","Uncertain — archive to reduce agent risk"
"runtime/agent_orchestrator/tasks/20260421/202604211502-prompt-kebab-case-英文識別碼短於-40-字元只用英數與-hyphen.md","ARCHIVE","Uncertain — archive to reduce agent risk"
"runtime/agent_orchestrator/tasks/20260421/202604211522-completed-kebab-case-英文識別碼短於-40-字元只用英數與-hyphen.md","ARCHIVE","Uncertain — archive to reduce agent risk"
"runtime/agent_orchestrator/tasks/20260421/202604211522-prompt-kebab-case-英文識別碼短於-40-字元只用英數與-hyphen.md","ARCHIVE","Uncertain — archive to reduce agent risk"
"runtime/agent_orchestrator/tasks/20260421/202604211615-completed-llm-wiki-knowledge-layer.md","ARCHIVE","Uncertain — archive to reduce agent risk"
"runtime/agent_orchestrator/tasks/20260421/202604212220-completed-backlog.md","ARCHIVE","Uncertain — archive to reduce agent risk"
"runtime/agent_orchestrator/tasks/20260421/202604212220-prompt-backlog.md","ARCHIVE","Uncertain — archive to reduce agent risk"
"runtime/agent_orchestrator/tasks/20260421/202604212243-completed-backlog.md","ARCHIVE","Uncertain — archive to reduce agent risk"
"runtime/agent_orchestrator/tasks/20260421/202604212243-prompt-backlog.md","ARCHIVE","Uncertain — archive to reduce agent risk"
"runtime/agent_orchestrator/tasks/20260421/202604212306-completed-power-lotto-fourier3-500p-oos-validation.md","ARCHIVE","Uncertain — archive to reduce agent risk"
"runtime/agent_orchestrator/tasks/20260421/202604212306-prompt-power-lotto-fourier3-500p-oos-validation.md","ARCHIVE","Uncertain — archive to reduce agent risk"
"runtime/agent_orchestrator/tasks/20260421/202604212326-completed-power-lotto-fourier-3bet-local-oos.md","ARCHIVE","Uncertain — archive to reduce agent risk"
"runtime/agent_orchestrator/tasks/20260421/202604212326-prompt-power-lotto-fourier-3bet-local-oos.md","ARCHIVE","Uncertain — archive to reduce agent risk"
"runtime/agent_orchestrator/tasks/20260422/202604220028-completed-power-lotto-p2-1-winning-quality-validat.md","ARCHIVE","Uncertain — archive to reduce agent risk"
"runtime/agent_orchestrator/tasks/20260422/202604220028-prompt-power-lotto-p2-1-winning-quality-validat.md","ARCHIVE","Uncertain — archive to reduce agent risk"
"runtime/agent_orchestrator/tasks/20260422/202604220101-completed-backlog.md","ARCHIVE","Uncertain — archive to reduce agent risk"
"runtime/agent_orchestrator/tasks/20260422/202604220101-prompt-backlog.md","ARCHIVE","Uncertain — archive to reduce agent risk"
"runtime/agent_orchestrator/tasks/20260422/202604220951-completed-power-lotto-wq-p2-1-history-slice-valida.md","ARCHIVE","Uncertain — archive to reduce agent risk"
"runtime/agent_orchestrator/tasks/20260422/202604220951-prompt-power-lotto-wq-p2-1-history-slice-valida.md","ARCHIVE","Uncertain — archive to reduce agent risk"
"runtime/agent_orchestrator/tasks/20260422/202604221014-completed-backlog.md","ARCHIVE","Uncertain — archive to reduce agent risk"
"runtime/agent_orchestrator/tasks/20260422/202604221014-prompt-backlog.md","ARCHIVE","Uncertain — archive to reduce agent risk"
"runtime/agent_orchestrator/tasks/20260422/202604221417-completed-backlog.md","ARCHIVE","Uncertain — archive to reduce agent risk"
"runtime/agent_orchestrator/tasks/20260422/202604221417-prompt-backlog.md","ARCHIVE","Uncertain — archive to reduce agent risk"
"runtime/agent_orchestrator/tasks/20260422/202604221449-completed-power-lotto-pp3-midfreq-orthogonal-valid.md","ARCHIVE","Uncertain — archive to reduce agent risk"
"runtime/agent_orchestrator/tasks/20260422/202604221449-prompt-power-lotto-pp3-midfreq-orthogonal-valid.md","ARCHIVE","Uncertain — archive to reduce agent risk"
"runtime/agent_orchestrator/tasks/20260422/202604221520-completed-power-lotto-pp3-midfreq-orthogonal-8h-va.md","ARCHIVE","Uncertain — archive to reduce agent risk"
"runtime/agent_orchestrator/tasks/20260422/202604221520-prompt-power-lotto-pp3-midfreq-orthogonal-8h-va.md","ARCHIVE","Uncertain — archive to reduce agent risk"
"runtime/agent_orchestrator/tasks/20260422/202604221625-completed-power-lotto-special-v3-8h-validation.md","ARCHIVE","Uncertain — archive to reduce agent risk"
"runtime/agent_orchestrator/tasks/20260422/202604221625-prompt-power-lotto-special-v3-8h-validation.md","ARCHIVE","Uncertain — archive to reduce agent risk"
"runtime/agent_orchestrator/tasks/20260422/202604221651-prompt-daily-539-h011-weekday-effect-validation.md","ARCHIVE","Uncertain — archive to reduce agent risk"
"SGP_V3_DEEP_BACKTEST_REPORT.md","ARCHIVE","Uncertain — archive to reduce agent risk"
"signal_boundary_report.md","ARCHIVE","Strategy/report files (historical/experimental)"
"stability_audit_BIG_LOTTO.md","ARCHIVE","Uncertain — archive to reduce agent risk"
"stability_audit_POWER_LOTTO.md","ARCHIVE","Uncertain — archive to reduce agent risk"
"strategies/big_lotto/2bet_deviation_complement/backtest_report.md","ARCHIVE","Strategy/report files (historical/experimental)"
"strategies/big_lotto/2bet_fourier_rhythm/backtest_report.md","ARCHIVE","Strategy/report files (historical/experimental)"
"strategies/big_lotto/3bet_triple_strike_v2/backtest_report.md","ARCHIVE","Strategy/report files (historical/experimental)"
"strategies/big_lotto/4bet_ts3_markov_w30/backtest_report.md","ARCHIVE","Strategy/report files (historical/experimental)"
"strategies/big_lotto/5bet_ts3_markov_freq/backtest_report.md","ARCHIVE","Strategy/report files (historical/experimental)"
"strategies/power_lotto/2bet_fourier_rhythm/backtest_report.md","ARCHIVE","Strategy/report files (historical/experimental)"
"strategies/power_lotto/3bet_power_precision/backtest_report.md","ARCHIVE","Strategy/report files (historical/experimental)"
"strategies/power_lotto/5bet_orthogonal/backtest_report.md","ARCHIVE","Strategy/report files (historical/experimental)"
"strategies/README.md","ARCHIVE","Uncertain — archive to reduce agent risk"
"STRATEGY_DISCOVERY_ENGINE_MAP.md","ARCHIVE","Uncertain — archive to reduce agent risk"
"STRATEGY_DISCOVERY_RETRACTION_REPORT.md","ARCHIVE","Uncertain — archive to reduce agent risk"
"strategy_genome_design.md","ARCHIVE","Uncertain — archive to reduce agent risk"
"structural_optimization_report.md","ARCHIVE","Strategy/report files (historical/experimental)"
"system_gap_analysis.md","ARCHIVE","Uncertain — archive to reduce agent risk"
"SYSTEM_MAP.md","KEEP","Root knowledge entry exception"
"tmp/backend_archive/root_legacy/cross_game_comparison.md","ARCHIVE","Uncertain — archive to reduce agent risk"
"tmp/backend_archive/root_legacy/feature_retirement_plan.md","ARCHIVE","Uncertain — archive to reduce agent risk"
"tmp/backend_archive/root_legacy/regression_checklist.md","ARCHIVE","Uncertain — archive to reduce agent risk"
"tmp/backend_archive/root_legacy/risk_register.md","ARCHIVE","Uncertain — archive to reduce agent risk"
"tmp/pp3_midfreq_orthogonal_8h/power_lotto_pp3_midfreq_orthogonal_8h_20260422.md","ARCHIVE","Uncertain — archive to reduce agent risk"
"tools/LOTTO_DRAW_ANALYSIS.md","ARCHIVE","Uncertain — archive to reduce agent risk"
"tools/OPERATIONS.md","ARCHIVE","Uncertain — archive to reduce agent risk"
"tools/POWER_LOTTO_PHASE2_REPORT.md","ARCHIVE","Uncertain — archive to reduce agent risk"
"tools/README_UPLOAD.md","ARCHIVE","Uncertain — archive to reduce agent risk"
"tools/README.md","ARCHIVE","Uncertain — archive to reduce agent risk"
"tools/strategy_card_big_lotto_longup.md","ARCHIVE","Uncertain — archive to reduce agent risk"
"ui_design_rules.md","ARCHIVE","Uncertain — archive to reduce agent risk"
"unused_or_legacy_features.md","ARCHIVE","Uncertain — archive to reduce agent risk"
"wiki/games/big_lotto.md","KEEP","Official wiki or memory (source-of-truth)"
"wiki/games/daily_539.md","KEEP","Official wiki or memory (source-of-truth)"
"wiki/games/power_lotto.md","KEEP","Official wiki or memory (source-of-truth)"
"wiki/lessons/key_lessons.md","KEEP","Official wiki or memory (source-of-truth)"
"wiki/README.md","KEEP","Official wiki or memory (source-of-truth)"
"wiki/system/decision_engine.md","KEEP","Official wiki or memory (source-of-truth)"
"wiki/system/feedback_loop.md","KEEP","Official wiki or memory (source-of-truth)"
"wiki/system/governance.md","KEEP","Official wiki or memory (source-of-truth)"
"wiki/system/orchestrator.md","KEEP","Official wiki or memory (source-of-truth)"
"wiki/system/stability_audit.md","KEEP","Official wiki or memory (source-of-truth)"
"wiki/system/validation_gates.md","KEEP","Official wiki or memory (source-of-truth)"
